week_start_date,calendar_year,calendar_month,iso_year,iso_week,country,adm1_name,adm2_name,case_definition,dengue_cases
2000-01-02,2000,1,1999,52,Peru,Loreto,Maynas,Probable and confirmed,7
2000-01-09,2000,1,2000,1,Peru,Loreto,Maynas,Probable and confirmed,7
2000-01-16,2000,1,2000,2,Peru,Loreto,Maynas,Probable and confirmed,16
2000-01-23,2000,1,2000,3,Peru,Loreto,Maynas,Probable and confirmed,9
2000-01-30,2000,1,2000,4,Peru,Loreto,Maynas,Probable and confirmed,18
2000-02-06,2000,2,2000,5,Peru,Loreto,Maynas,Probable and confirmed,10
2000-02-13,2000,2,2000,6,Peru,Loreto,Maynas,Probable and confirmed,9
2000-02-20,2000,2,2000,7,Peru,Loreto,Maynas,Probable and confirmed,7
2000-02-27,2000,2,2000,8,Peru,Loreto,Maynas,Probable and confirmed,3
2000-03-05,2000,3,2000,9,Peru,Loreto,Maynas,Probable and confirmed,5
2000-03-12,2000,3,2000,10,Peru,Loreto,Maynas,Probable and confirmed,14
2000-03-19,2000,3,2000,11,Peru,Loreto,Maynas,Probable and confirmed,16
2000-03-26,2000,3,2000,12,Peru,Loreto,Maynas,Probable and confirmed,14
2000-04-02,2000,4,2000,13,Peru,Loreto,Maynas,Probable and confirmed,12
2000-04-09,2000,4,2000,14,Peru,Loreto,Maynas,Probable and confirmed,17
2000-04-16,2000,4,2000,15,Peru,Loreto,Maynas,Probable and confirmed,4
2000-04-23,2000,4,2000,16,Peru,Loreto,Maynas,Probable and confirmed,2
2000-05-07,2000,5,2000,18,Peru,Loreto,Maynas,Probable and confirmed,3
2000-05-14,2000,5,2000,19,Peru,Loreto,Maynas,Probable and confirmed,2
2000-05-21,2000,5,2000,20,Peru,Loreto,Maynas,Probable and confirmed,1
2000-05-28,2000,5,2000,21,Peru,Loreto,Maynas,Probable and confirmed,2
2000-06-04,2000,6,2000,22,Peru,Loreto,Maynas,Probable and confirmed,1
2000-06-18,2000,6,2000,24,Peru,Loreto,Maynas,Probable and confirmed,1
2000-07-02,2000,7,2000,26,Peru,Loreto,Maynas,Probable and confirmed,13
2000-07-16,2000,7,2000,28,Peru,Loreto,Maynas,Probable and confirmed,3
2000-07-23,2000,7,2000,29,Peru,Loreto,Maynas,Probable and confirmed,2
2000-07-30,2000,7,2000,30,Peru,Loreto,Maynas,Probable and confirmed,3
2000-08-06,2000,8,2000,31,Peru,Loreto,Maynas,Probable and confirmed,5
2000-08-13,2000,8,2000,32,Peru,Loreto,Maynas,Probable and confirmed,1
2000-08-20,2000,8,2000,33,Peru,Loreto,Maynas,Probable and confirmed,4
2000-08-27,2000,8,2000,34,Peru,Loreto,Maynas,Probable and confirmed,5
2000-09-03,2000,9,2000,35,Peru,Loreto,Maynas,Probable and confirmed,7
2000-09-10,2000,9,2000,36,Peru,Loreto,Maynas,Probable and confirmed,9
2000-09-17,2000,9,2000,37,Peru,Loreto,Maynas,Probable and confirmed,11
2000-09-24,2000,9,2000,38,Peru,Loreto,Maynas,Probable and confirmed,3
2000-10-01,2000,10,2000,39,Peru,Loreto,Maynas,Probable and confirmed,5
2000-10-08,2000,10,2000,40,Peru,Loreto,Maynas,Probable and confirmed,1
2000-10-15,2000,10,2000,41,Peru,Loreto,Maynas,Probable and confirmed,2
2000-10-22,2000,10,2000,42,Peru,Loreto,Maynas,Probable and confirmed,6
2000-10-29,2000,10,2000,43,Peru,Loreto,Maynas,Probable and confirmed,7
2000-11-05,2000,11,2000,44,Peru,Loreto,Maynas,Probable and confirmed,4
2000-11-12,2000,11,2000,45,Peru,Loreto,Maynas,Probable and confirmed,10
2000-11-19,2000,11,2000,46,Peru,Loreto,Maynas,Probable and confirmed,7
2000-11-26,2000,11,2000,47,Peru,Loreto,Maynas,Probable and confirmed,9
2000-12-03,2000,12,2000,48,Peru,Loreto,Maynas,Probable and confirmed,2
2000-12-10,2000,12,2000,49,Peru,Loreto,Maynas,Probable and confirmed,3
2000-12-17,2000,12,2000,50,Peru,Loreto,Maynas,Probable and confirmed,8
2000-12-24,2000,12,2000,51,Peru,Loreto,Maynas,Probable and confirmed,2
2000-12-31,2000,12,2000,52,Peru,Loreto,Maynas,Probable and confirmed,13
2001-01-07,2001,1,2001,1,Peru,Loreto,Maynas,Probable and confirmed,6
2001-01-14,2001,1,2001,2,Peru,Loreto,Maynas,Probable and confirmed,9
2001-01-21,2001,1,2001,3,Peru,Loreto,Maynas,Probable and confirmed,10
2001-01-28,2001,1,2001,4,Peru,Loreto,Maynas,Probable and confirmed,2
2001-02-04,2001,2,2001,5,Peru,Loreto,Maynas,Probable and confirmed,7
2001-02-11,2001,2,2001,6,Peru,Loreto,Maynas,Probable and confirmed,6
2001-02-18,2001,2,2001,7,Peru,Loreto,Maynas,Probable and confirmed,7
2001-02-25,2001,2,2001,8,Peru,Loreto,Maynas,Probable and confirmed,10
2001-03-04,2001,3,2001,9,Peru,Loreto,Maynas,Probable and confirmed,10
2001-03-11,2001,3,2001,10,Peru,Loreto,Maynas,Probable and confirmed,8
2001-03-18,2001,3,2001,11,Peru,Loreto,Maynas,Probable and confirmed,9
2001-03-25,2001,3,2001,12,Peru,Loreto,Maynas,Probable and confirmed,11
2001-04-01,2001,4,2001,13,Peru,Loreto,Maynas,Probable and confirmed,14
2001-04-08,2001,4,2001,14,Peru,Loreto,Maynas,Probable and confirmed,7
2001-04-15,2001,4,2001,15,Peru,Loreto,Maynas,Probable and confirmed,8
2001-04-22,2001,4,2001,16,Peru,Loreto,Maynas,Probable and confirmed,12
2001-04-29,2001,4,2001,17,Peru,Loreto,Maynas,Probable and confirmed,9
2001-05-06,2001,5,2001,18,Peru,Loreto,Maynas,Probable and confirmed,9
2001-05-13,2001,5,2001,19,Peru,Loreto,Maynas,Probable and confirmed,11
2001-05-20,2001,5,2001,20,Peru,Loreto,Maynas,Probable and confirmed,13
2001-05-27,2001,5,2001,21,Peru,Loreto,Maynas,Probable and confirmed,10
2001-06-03,2001,6,2001,22,Peru,Loreto,Maynas,Probable and confirmed,13
2001-06-10,2001,6,2001,23,Peru,Loreto,Maynas,Probable and confirmed,14
2001-06-17,2001,6,2001,24,Peru,Loreto,Maynas,Probable and confirmed,8
2001-06-24,2001,6,2001,25,Peru,Loreto,Maynas,Probable and confirmed,13
2001-07-01,2001,7,2001,26,Peru,Loreto,Maynas,Probable and confirmed,12
2001-07-08,2001,7,2001,27,Peru,Loreto,Maynas,Probable and confirmed,1
2001-07-15,2001,7,2001,28,Peru,Loreto,Maynas,Probable and confirmed,7
2001-07-22,2001,7,2001,29,Peru,Loreto,Maynas,Probable and confirmed,9
2001-07-29,2001,7,2001,30,Peru,Loreto,Maynas,Probable and confirmed,6
2001-08-05,2001,8,2001,31,Peru,Loreto,Maynas,Probable and confirmed,5
2001-08-12,2001,8,2001,32,Peru,Loreto,Maynas,Probable and confirmed,8
2001-08-19,2001,8,2001,33,Peru,Loreto,Maynas,Probable and confirmed,3
2001-08-26,2001,8,2001,34,Peru,Loreto,Maynas,Probable and confirmed,3
2001-09-02,2001,9,2001,35,Peru,Loreto,Maynas,Probable and confirmed,6
2001-09-09,2001,9,2001,36,Peru,Loreto,Maynas,Probable and confirmed,11
2001-09-16,2001,9,2001,37,Peru,Loreto,Maynas,Probable and confirmed,9
2001-09-23,2001,9,2001,38,Peru,Loreto,Maynas,Probable and confirmed,4
2001-09-30,2001,9,2001,39,Peru,Loreto,Maynas,Probable and confirmed,6
2001-10-07,2001,10,2001,40,Peru,Loreto,Maynas,Probable and confirmed,4
2001-10-14,2001,10,2001,41,Peru,Loreto,Maynas,Probable and confirmed,4
2001-10-21,2001,10,2001,42,Peru,Loreto,Maynas,Probable and confirmed,4
2001-10-28,2001,10,2001,43,Peru,Loreto,Maynas,Probable and confirmed,3
2001-11-04,2001,11,2001,44,Peru,Loreto,Maynas,Probable and confirmed,4
2001-11-11,2001,11,2001,45,Peru,Loreto,Maynas,Probable and confirmed,7
2001-11-18,2001,11,2001,46,Peru,Loreto,Maynas,Probable and confirmed,2
2001-11-25,2001,11,2001,47,Peru,Loreto,Maynas,Probable and confirmed,6
2001-12-02,2001,12,2001,48,Peru,Loreto,Maynas,Probable and confirmed,2
2001-12-09,2001,12,2001,49,Peru,Loreto,Maynas,Probable and confirmed,6
2001-12-16,2001,12,2001,50,Peru,Loreto,Maynas,Probable and confirmed,3
2001-12-23,2001,12,2001,51,Peru,Loreto,Maynas,Probable and confirmed,3
2001-12-30,2001,12,2001,52,Peru,Loreto,Maynas,Probable and confirmed,11
2002-01-06,2002,1,2002,1,Peru,Loreto,Maynas,Probable and confirmed,20
2002-01-13,2002,1,2002,2,Peru,Loreto,Maynas,Probable and confirmed,36
2002-01-20,2002,1,2002,3,Peru,Loreto,Maynas,Probable and confirmed,38
2002-01-27,2002,1,2002,4,Peru,Loreto,Maynas,Probable and confirmed,49
2002-02-03,2002,2,2002,5,Peru,Loreto,Maynas,Probable and confirmed,39
2002-02-10,2002,2,2002,6,Peru,Loreto,Maynas,Probable and confirmed,47
2002-02-17,2002,2,2002,7,Peru,Loreto,Maynas,Probable and confirmed,53
2002-02-24,2002,2,2002,8,Peru,Loreto,Maynas,Probable and confirmed,36
2002-03-03,2002,3,2002,9,Peru,Loreto,Maynas,Probable and confirmed,42
2002-03-10,2002,3,2002,10,Peru,Loreto,Maynas,Probable and confirmed,38
2002-03-17,2002,3,2002,11,Peru,Loreto,Maynas,Probable and confirmed,34
2002-03-24,2002,3,2002,12,Peru,Loreto,Maynas,Probable and confirmed,18
2002-03-31,2002,3,2002,13,Peru,Loreto,Maynas,Probable and confirmed,19
2002-04-07,2002,4,2002,14,Peru,Loreto,Maynas,Probable and confirmed,30
2002-04-14,2002,4,2002,15,Peru,Loreto,Maynas,Probable and confirmed,58
2002-04-21,2002,4,2002,16,Peru,Loreto,Maynas,Probable and confirmed,32
2002-04-28,2002,4,2002,17,Peru,Loreto,Maynas,Probable and confirmed,38
2002-05-05,2002,5,2002,18,Peru,Loreto,Maynas,Probable and confirmed,49
2002-05-12,2002,5,2002,19,Peru,Loreto,Maynas,Probable and confirmed,36
2002-05-19,2002,5,2002,20,Peru,Loreto,Maynas,Probable and confirmed,34
2002-05-26,2002,5,2002,21,Peru,Loreto,Maynas,Probable and confirmed,40
2002-06-02,2002,6,2002,22,Peru,Loreto,Maynas,Probable and confirmed,35
2002-06-09,2002,6,2002,23,Peru,Loreto,Maynas,Probable and confirmed,37
2002-06-16,2002,6,2002,24,Peru,Loreto,Maynas,Probable and confirmed,30
2002-06-23,2002,6,2002,25,Peru,Loreto,Maynas,Probable and confirmed,26
2002-06-30,2002,6,2002,26,Peru,Loreto,Maynas,Probable and confirmed,25
2002-07-07,2002,7,2002,27,Peru,Loreto,Maynas,Probable and confirmed,24
2002-07-14,2002,7,2002,28,Peru,Loreto,Maynas,Probable and confirmed,22
2002-07-21,2002,7,2002,29,Peru,Loreto,Maynas,Probable and confirmed,15
2002-07-28,2002,7,2002,30,Peru,Loreto,Maynas,Probable and confirmed,18
2002-08-04,2002,8,2002,31,Peru,Loreto,Maynas,Probable and confirmed,24
2002-08-11,2002,8,2002,32,Peru,Loreto,Maynas,Probable and confirmed,13
2002-08-18,2002,8,2002,33,Peru,Loreto,Maynas,Probable and confirmed,43
2002-08-25,2002,8,2002,34,Peru,Loreto,Maynas,Probable and confirmed,15
2002-09-01,2002,9,2002,35,Peru,Loreto,Maynas,Probable and confirmed,25
2002-09-08,2002,9,2002,36,Peru,Loreto,Maynas,Probable and confirmed,22
2002-09-15,2002,9,2002,37,Peru,Loreto,Maynas,Probable and confirmed,29
2002-09-22,2002,9,2002,38,Peru,Loreto,Maynas,Probable and confirmed,40
2002-09-29,2002,9,2002,39,Peru,Loreto,Maynas,Probable and confirmed,31
2002-10-06,2002,10,2002,40,Peru,Loreto,Maynas,Probable and confirmed,45
2002-10-13,2002,10,2002,41,Peru,Loreto,Maynas,Probable and confirmed,75
2002-10-20,2002,10,2002,42,Peru,Loreto,Maynas,Probable and confirmed,95
2002-10-27,2002,10,2002,43,Peru,Loreto,Maynas,Probable and confirmed,58
2002-11-03,2002,11,2002,44,Peru,Loreto,Maynas,Probable and confirmed,60
2002-11-10,2002,11,2002,45,Peru,Loreto,Maynas,Probable and confirmed,78
2002-11-17,2002,11,2002,46,Peru,Loreto,Maynas,Probable and confirmed,117
2002-11-24,2002,11,2002,47,Peru,Loreto,Maynas,Probable and confirmed,163
2002-12-01,2002,12,2002,48,Peru,Loreto,Maynas,Probable and confirmed,153
2002-12-08,2002,12,2002,49,Peru,Loreto,Maynas,Probable and confirmed,134
2002-12-15,2002,12,2002,50,Peru,Loreto,Maynas,Probable and confirmed,79
2002-12-22,2002,12,2002,51,Peru,Loreto,Maynas,Probable and confirmed,30
2002-12-29,2002,12,2002,52,Peru,Loreto,Maynas,Probable and confirmed,39
2003-01-05,2003,1,2003,1,Peru,Loreto,Maynas,Probable and confirmed,38
2003-01-12,2003,1,2003,2,Peru,Loreto,Maynas,Probable and confirmed,19
2003-01-19,2003,1,2003,3,Peru,Loreto,Maynas,Probable and confirmed,32
2003-01-26,2003,1,2003,4,Peru,Loreto,Maynas,Probable and confirmed,26
2003-02-02,2003,2,2003,5,Peru,Loreto,Maynas,Probable and confirmed,22
2003-02-09,2003,2,2003,6,Peru,Loreto,Maynas,Probable and confirmed,13
2003-02-16,2003,2,2003,7,Peru,Loreto,Maynas,Probable and confirmed,17
2003-02-23,2003,2,2003,8,Peru,Loreto,Maynas,Probable and confirmed,17
2003-03-02,2003,3,2003,9,Peru,Loreto,Maynas,Probable and confirmed,7
2003-03-09,2003,3,2003,10,Peru,Loreto,Maynas,Probable and confirmed,20
2003-03-16,2003,3,2003,11,Peru,Loreto,Maynas,Probable and confirmed,16
2003-03-23,2003,3,2003,12,Peru,Loreto,Maynas,Probable and confirmed,11
2003-03-30,2003,3,2003,13,Peru,Loreto,Maynas,Probable and confirmed,17
2003-04-06,2003,4,2003,14,Peru,Loreto,Maynas,Probable and confirmed,20
2003-04-13,2003,4,2003,15,Peru,Loreto,Maynas,Probable and confirmed,7
2003-04-20,2003,4,2003,16,Peru,Loreto,Maynas,Probable and confirmed,10
2003-04-27,2003,4,2003,17,Peru,Loreto,Maynas,Probable and confirmed,3
2003-05-04,2003,5,2003,18,Peru,Loreto,Maynas,Probable and confirmed,6
2003-05-11,2003,5,2003,19,Peru,Loreto,Maynas,Probable and confirmed,9
2003-05-18,2003,5,2003,20,Peru,Loreto,Maynas,Probable and confirmed,5
2003-05-25,2003,5,2003,21,Peru,Loreto,Maynas,Probable and confirmed,9
2003-06-01,2003,6,2003,22,Peru,Loreto,Maynas,Probable and confirmed,14
2003-06-08,2003,6,2003,23,Peru,Loreto,Maynas,Probable and confirmed,17
2003-06-15,2003,6,2003,24,Peru,Loreto,Maynas,Probable and confirmed,8
2003-06-22,2003,6,2003,25,Peru,Loreto,Maynas,Probable and confirmed,13
2003-06-29,2003,6,2003,26,Peru,Loreto,Maynas,Probable and confirmed,8
2003-07-06,2003,7,2003,27,Peru,Loreto,Maynas,Probable and confirmed,16
2003-07-13,2003,7,2003,28,Peru,Loreto,Maynas,Probable and confirmed,17
2003-07-20,2003,7,2003,29,Peru,Loreto,Maynas,Probable and confirmed,10
2003-07-27,2003,7,2003,30,Peru,Loreto,Maynas,Probable and confirmed,3
2003-08-03,2003,8,2003,31,Peru,Loreto,Maynas,Probable and confirmed,7
2003-08-10,2003,8,2003,32,Peru,Loreto,Maynas,Probable and confirmed,6
2003-08-17,2003,8,2003,33,Peru,Loreto,Maynas,Probable and confirmed,8
2003-08-24,2003,8,2003,34,Peru,Loreto,Maynas,Probable and confirmed,7
2003-08-31,2003,8,2003,35,Peru,Loreto,Maynas,Probable and confirmed,10
2003-09-07,2003,9,2003,36,Peru,Loreto,Maynas,Probable and confirmed,8
2003-09-14,2003,9,2003,37,Peru,Loreto,Maynas,Probable and confirmed,13
2003-09-21,2003,9,2003,38,Peru,Loreto,Maynas,Probable and confirmed,9
2003-09-28,2003,9,2003,39,Peru,Loreto,Maynas,Probable and confirmed,8
2003-10-05,2003,10,2003,40,Peru,Loreto,Maynas,Probable and confirmed,7
2003-10-12,2003,10,2003,41,Peru,Loreto,Maynas,Probable and confirmed,20
2003-10-19,2003,10,2003,42,Peru,Loreto,Maynas,Probable and confirmed,15
2003-10-26,2003,10,2003,43,Peru,Loreto,Maynas,Probable and confirmed,15
2003-11-02,2003,11,2003,44,Peru,Loreto,Maynas,Probable and confirmed,9
2003-11-09,2003,11,2003,45,Peru,Loreto,Maynas,Probable and confirmed,18
2003-11-16,2003,11,2003,46,Peru,Loreto,Maynas,Probable and confirmed,18
2003-11-23,2003,11,2003,47,Peru,Loreto,Maynas,Probable and confirmed,12
2003-11-30,2003,11,2003,48,Peru,Loreto,Maynas,Probable and confirmed,9
2003-12-07,2003,12,2003,49,Peru,Loreto,Maynas,Probable and confirmed,12
2003-12-14,2003,12,2003,50,Peru,Loreto,Maynas,Probable and confirmed,14
2003-12-21,2003,12,2003,51,Peru,Loreto,Maynas,Probable and confirmed,4
2003-12-28,2003,12,2003,52,Peru,Loreto,Maynas,Probable and confirmed,8
2004-01-04,2004,1,2004,1,Peru,Loreto,Maynas,Probable and confirmed,13
2004-01-11,2004,1,2004,2,Peru,Loreto,Maynas,Probable and confirmed,15
2004-01-18,2004,1,2004,3,Peru,Loreto,Maynas,Probable and confirmed,12
2004-01-25,2004,1,2004,4,Peru,Loreto,Maynas,Probable and confirmed,14
2004-02-01,2004,2,2004,5,Peru,Loreto,Maynas,Probable and confirmed,20
2004-02-08,2004,2,2004,6,Peru,Loreto,Maynas,Probable and confirmed,22
2004-02-15,2004,2,2004,7,Peru,Loreto,Maynas,Probable and confirmed,20
2004-02-22,2004,2,2004,8,Peru,Loreto,Maynas,Probable and confirmed,22
2004-02-29,2004,2,2004,9,Peru,Loreto,Maynas,Probable and confirmed,16
2004-03-07,2004,3,2004,10,Peru,Loreto,Maynas,Probable and confirmed,16
2004-03-14,2004,3,2004,11,Peru,Loreto,Maynas,Probable and confirmed,11
2004-03-21,2004,3,2004,12,Peru,Loreto,Maynas,Probable and confirmed,14
2004-03-28,2004,3,2004,13,Peru,Loreto,Maynas,Probable and confirmed,19
2004-04-04,2004,4,2004,14,Peru,Loreto,Maynas,Probable and confirmed,12
2004-04-11,2004,4,2004,15,Peru,Loreto,Maynas,Probable and confirmed,13
2004-04-18,2004,4,2004,16,Peru,Loreto,Maynas,Probable and confirmed,14
2004-04-25,2004,4,2004,17,Peru,Loreto,Maynas,Probable and confirmed,8
2004-05-02,2004,5,2004,18,Peru,Loreto,Maynas,Probable and confirmed,7
2004-05-09,2004,5,2004,19,Peru,Loreto,Maynas,Probable and confirmed,15
2004-05-16,2004,5,2004,20,Peru,Loreto,Maynas,Probable and confirmed,21
2004-05-23,2004,5,2004,21,Peru,Loreto,Maynas,Probable and confirmed,15
2004-05-30,2004,5,2004,22,Peru,Loreto,Maynas,Probable and confirmed,31
2004-06-06,2004,6,2004,23,Peru,Loreto,Maynas,Probable and confirmed,18
2004-06-13,2004,6,2004,24,Peru,Loreto,Maynas,Probable and confirmed,13
2004-06-20,2004,6,2004,25,Peru,Loreto,Maynas,Probable and confirmed,20
2004-06-27,2004,6,2004,26,Peru,Loreto,Maynas,Probable and confirmed,25
2004-07-04,2004,7,2004,27,Peru,Loreto,Maynas,Probable and confirmed,27
2004-07-11,2004,7,2004,28,Peru,Loreto,Maynas,Probable and confirmed,18
2004-07-18,2004,7,2004,29,Peru,Loreto,Maynas,Probable and confirmed,19
2004-07-25,2004,7,2004,30,Peru,Loreto,Maynas,Probable and confirmed,17
2004-08-01,2004,8,2004,31,Peru,Loreto,Maynas,Probable and confirmed,26
2004-08-08,2004,8,2004,32,Peru,Loreto,Maynas,Probable and confirmed,24
2004-08-15,2004,8,2004,33,Peru,Loreto,Maynas,Probable and confirmed,20
2004-08-22,2004,8,2004,34,Peru,Loreto,Maynas,Probable and confirmed,22
2004-08-29,2004,8,2004,35,Peru,Loreto,Maynas,Probable and confirmed,23
2004-09-05,2004,9,2004,36,Peru,Loreto,Maynas,Probable and confirmed,32
2004-09-12,2004,9,2004,37,Peru,Loreto,Maynas,Probable and confirmed,38
2004-09-19,2004,9,2004,38,Peru,Loreto,Maynas,Probable and confirmed,23
2004-09-26,2004,9,2004,39,Peru,Loreto,Maynas,Probable and confirmed,41
2004-10-03,2004,10,2004,40,Peru,Loreto,Maynas,Probable and confirmed,28
2004-10-10,2004,10,2004,41,Peru,Loreto,Maynas,Probable and confirmed,29
2004-10-17,2004,10,2004,42,Peru,Loreto,Maynas,Probable and confirmed,42
2004-10-24,2004,10,2004,43,Peru,Loreto,Maynas,Probable and confirmed,35
2004-10-31,2004,10,2004,44,Peru,Loreto,Maynas,Probable and confirmed,32
2004-11-07,2004,11,2004,45,Peru,Loreto,Maynas,Probable and confirmed,49
2004-11-14,2004,11,2004,46,Peru,Loreto,Maynas,Probable and confirmed,91
2004-11-21,2004,11,2004,47,Peru,Loreto,Maynas,Probable and confirmed,95
2004-11-28,2004,11,2004,48,Peru,Loreto,Maynas,Probable and confirmed,232
2004-12-05,2004,12,2004,49,Peru,Loreto,Maynas,Probable and confirmed,317
2004-12-12,2004,12,2004,50,Peru,Loreto,Maynas,Probable and confirmed,344
2004-12-19,2004,12,2004,51,Peru,Loreto,Maynas,Probable and confirmed,184
2004-12-26,2004,12,2004,52,Peru,Loreto,Maynas,Probable and confirmed,113
2005-01-02,2005,1,2004,53,Peru,Loreto,Maynas,Probable and confirmed,58
2005-01-09,2005,1,2005,1,Peru,Loreto,Maynas,Probable and confirmed,58
2005-01-16,2005,1,2005,2,Peru,Loreto,Maynas,Probable and confirmed,42
2005-01-23,2005,1,2005,3,Peru,Loreto,Maynas,Probable and confirmed,40
2005-01-30,2005,1,2005,4,Peru,Loreto,Maynas,Probable and confirmed,29
2005-02-06,2005,2,2005,5,Peru,Loreto,Maynas,Probable and confirmed,27
2005-02-13,2005,2,2005,6,Peru,Loreto,Maynas,Probable and confirmed,30
2005-02-20,2005,2,2005,7,Peru,Loreto,Maynas,Probable and confirmed,32
2005-02-27,2005,2,2005,8,Peru,Loreto,Maynas,Probable and confirmed,38
2005-03-06,2005,3,2005,9,Peru,Loreto,Maynas,Probable and confirmed,38
2005-03-13,2005,3,2005,10,Peru,Loreto,Maynas,Probable and confirmed,39
2005-03-20,2005,3,2005,11,Peru,Loreto,Maynas,Probable and confirmed,31
2005-03-27,2005,3,2005,12,Peru,Loreto,Maynas,Probable and confirmed,31
2005-04-03,2005,4,2005,13,Peru,Loreto,Maynas,Probable and confirmed,26
2005-04-10,2005,4,2005,14,Peru,Loreto,Maynas,Probable and confirmed,53
2005-04-17,2005,4,2005,15,Peru,Loreto,Maynas,Probable and confirmed,41
2005-04-24,2005,4,2005,16,Peru,Loreto,Maynas,Probable and confirmed,25
2005-05-01,2005,5,2005,17,Peru,Loreto,Maynas,Probable and confirmed,29
2005-05-08,2005,5,2005,18,Peru,Loreto,Maynas,Probable and confirmed,35
2005-05-15,2005,5,2005,19,Peru,Loreto,Maynas,Probable and confirmed,30
2005-05-22,2005,5,2005,20,Peru,Loreto,Maynas,Probable and confirmed,9
2005-05-29,2005,5,2005,21,Peru,Loreto,Maynas,Probable and confirmed,16
2005-06-05,2005,6,2005,22,Peru,Loreto,Maynas,Probable and confirmed,29
2005-06-12,2005,6,2005,23,Peru,Loreto,Maynas,Probable and confirmed,29
2005-06-19,2005,6,2005,24,Peru,Loreto,Maynas,Probable and confirmed,25
2005-06-26,2005,6,2005,25,Peru,Loreto,Maynas,Probable and confirmed,30
2005-07-03,2005,7,2005,26,Peru,Loreto,Maynas,Probable and confirmed,49
2005-07-10,2005,7,2005,27,Peru,Loreto,Maynas,Probable and confirmed,37
2005-07-17,2005,7,2005,28,Peru,Loreto,Maynas,Probable and confirmed,17
2005-07-24,2005,7,2005,29,Peru,Loreto,Maynas,Probable and confirmed,19
2005-07-31,2005,7,2005,30,Peru,Loreto,Maynas,Probable and confirmed,28
2005-08-07,2005,8,2005,31,Peru,Loreto,Maynas,Probable and confirmed,20
2005-08-14,2005,8,2005,32,Peru,Loreto,Maynas,Probable and confirmed,21
2005-08-21,2005,8,2005,33,Peru,Loreto,Maynas,Probable and confirmed,19
2005-08-28,2005,8,2005,34,Peru,Loreto,Maynas,Probable and confirmed,7
2005-09-04,2005,9,2005,35,Peru,Loreto,Maynas,Probable and confirmed,6
2005-09-11,2005,9,2005,36,Peru,Loreto,Maynas,Probable and confirmed,11
2005-09-18,2005,9,2005,37,Peru,Loreto,Maynas,Probable and confirmed,5
2005-09-25,2005,9,2005,38,Peru,Loreto,Maynas,Probable and confirmed,9
2005-10-02,2005,10,2005,39,Peru,Loreto,Maynas,Probable and confirmed,18
2005-10-09,2005,10,2005,40,Peru,Loreto,Maynas,Probable and confirmed,48
2005-10-16,2005,10,2005,41,Peru,Loreto,Maynas,Probable and confirmed,45
2005-10-23,2005,10,2005,42,Peru,Loreto,Maynas,Probable and confirmed,28
2005-10-30,2005,10,2005,43,Peru,Loreto,Maynas,Probable and confirmed,59
2005-11-06,2005,11,2005,44,Peru,Loreto,Maynas,Probable and confirmed,32
2005-11-13,2005,11,2005,45,Peru,Loreto,Maynas,Probable and confirmed,64
2005-11-20,2005,11,2005,46,Peru,Loreto,Maynas,Probable and confirmed,43
2005-11-27,2005,11,2005,47,Peru,Loreto,Maynas,Probable and confirmed,36
2005-12-04,2005,12,2005,48,Peru,Loreto,Maynas,Probable and confirmed,37
2005-12-11,2005,12,2005,49,Peru,Loreto,Maynas,Probable and confirmed,38
2005-12-18,2005,12,2005,50,Peru,Loreto,Maynas,Probable and confirmed,14
2005-12-25,2005,12,2005,51,Peru,Loreto,Maynas,Probable and confirmed,16
2006-01-01,2006,1,2005,52,Peru,Loreto,Maynas,Probable and confirmed,46
2006-01-08,2006,1,2006,1,Peru,Loreto,Maynas,Probable and confirmed,49
2006-01-15,2006,1,2006,2,Peru,Loreto,Maynas,Probable and confirmed,50
2006-01-22,2006,1,2006,3,Peru,Loreto,Maynas,Probable and confirmed,79
2006-01-29,2006,1,2006,4,Peru,Loreto,Maynas,Probable and confirmed,111
2006-02-05,2006,2,2006,5,Peru,Loreto,Maynas,Probable and confirmed,114
2006-02-12,2006,2,2006,6,Peru,Loreto,Maynas,Probable and confirmed,117
2006-02-19,2006,2,2006,7,Peru,Loreto,Maynas,Probable and confirmed,92
2006-02-26,2006,2,2006,8,Peru,Loreto,Maynas,Probable and confirmed,98
2006-03-05,2006,3,2006,9,Peru,Loreto,Maynas,Probable and confirmed,91
2006-03-12,2006,3,2006,10,Peru,Loreto,Maynas,Probable and confirmed,67
2006-03-19,2006,3,2006,11,Peru,Loreto,Maynas,Probable and confirmed,55
2006-03-26,2006,3,2006,12,Peru,Loreto,Maynas,Probable and confirmed,43
2006-04-02,2006,4,2006,13,Peru,Loreto,Maynas,Probable and confirmed,33
2006-04-09,2006,4,2006,14,Peru,Loreto,Maynas,Probable and confirmed,17
2006-04-16,2006,4,2006,15,Peru,Loreto,Maynas,Probable and confirmed,26
2006-04-23,2006,4,2006,16,Peru,Loreto,Maynas,Probable and confirmed,19
2006-04-30,2006,4,2006,17,Peru,Loreto,Maynas,Probable and confirmed,25
2006-05-07,2006,5,2006,18,Peru,Loreto,Maynas,Probable and confirmed,19
2006-05-14,2006,5,2006,19,Peru,Loreto,Maynas,Probable and confirmed,13
2006-05-21,2006,5,2006,20,Peru,Loreto,Maynas,Probable and confirmed,21
2006-05-28,2006,5,2006,21,Peru,Loreto,Maynas,Probable and confirmed,17
2006-06-04,2006,6,2006,22,Peru,Loreto,Maynas,Probable and confirmed,10
2006-06-11,2006,6,2006,23,Peru,Loreto,Maynas,Probable and confirmed,8
2006-06-18,2006,6,2006,24,Peru,Loreto,Maynas,Probable and confirmed,3
2006-06-25,2006,6,2006,25,Peru,Loreto,Maynas,Probable and confirmed,5
2006-07-02,2006,7,2006,26,Peru,Loreto,Maynas,Probable and confirmed,12
2006-07-09,2006,7,2006,27,Peru,Loreto,Maynas,Probable and confirmed,19
2006-07-16,2006,7,2006,28,Peru,Loreto,Maynas,Probable and confirmed,14
2006-07-23,2006,7,2006,29,Peru,Loreto,Maynas,Probable and confirmed,9
2006-07-30,2006,7,2006,30,Peru,Loreto,Maynas,Probable and confirmed,10
2006-08-06,2006,8,2006,31,Peru,Loreto,Maynas,Probable and confirmed,19
2006-08-13,2006,8,2006,32,Peru,Loreto,Maynas,Probable and confirmed,14
2006-08-20,2006,8,2006,33,Peru,Loreto,Maynas,Probable and confirmed,28
2006-08-27,2006,8,2006,34,Peru,Loreto,Maynas,Probable and confirmed,6
2006-09-03,2006,9,2006,35,Peru,Loreto,Maynas,Probable and confirmed,11
2006-09-10,2006,9,2006,36,Peru,Loreto,Maynas,Probable and confirmed,12
2006-09-17,2006,9,2006,37,Peru,Loreto,Maynas,Probable and confirmed,13
2006-09-24,2006,9,2006,38,Peru,Loreto,Maynas,Probable and confirmed,29
2006-10-01,2006,10,2006,39,Peru,Loreto,Maynas,Probable and confirmed,13
2006-10-08,2006,10,2006,40,Peru,Loreto,Maynas,Probable and confirmed,26
2006-10-15,2006,10,2006,41,Peru,Loreto,Maynas,Probable and confirmed,33
2006-10-22,2006,10,2006,42,Peru,Loreto,Maynas,Probable and confirmed,27
2006-10-29,2006,10,2006,43,Peru,Loreto,Maynas,Probable and confirmed,15
2006-11-05,2006,11,2006,44,Peru,Loreto,Maynas,Probable and confirmed,11
2006-11-12,2006,11,2006,45,Peru,Loreto,Maynas,Probable and confirmed,10
2006-11-19,2006,11,2006,46,Peru,Loreto,Maynas,Probable and confirmed,17
2006-11-26,2006,11,2006,47,Peru,Loreto,Maynas,Probable and confirmed,11
2006-12-03,2006,12,2006,48,Peru,Loreto,Maynas,Probable and confirmed,5
2006-12-10,2006,12,2006,49,Peru,Loreto,Maynas,Probable and confirmed,11
2006-12-17,2006,12,2006,50,Peru,Loreto,Maynas,Probable and confirmed,3
2006-12-24,2006,12,2006,51,Peru,Loreto,Maynas,Probable and confirmed,2
2006-12-31,2006,12,2006,52,Peru,Loreto,Maynas,Probable and confirmed,30
2007-01-07,2007,1,2007,1,Peru,Loreto,Maynas,Probable and confirmed,30
2007-01-14,2007,1,2007,2,Peru,Loreto,Maynas,Probable and confirmed,20
2007-01-21,2007,1,2007,3,Peru,Loreto,Maynas,Probable and confirmed,22
2007-01-28,2007,1,2007,4,Peru,Loreto,Maynas,Probable and confirmed,17
2007-02-04,2007,2,2007,5,Peru,Loreto,Maynas,Probable and confirmed,44
2007-02-11,2007,2,2007,6,Peru,Loreto,Maynas,Probable and confirmed,46
2007-02-18,2007,2,2007,7,Peru,Loreto,Maynas,Probable and confirmed,45
2007-02-25,2007,2,2007,8,Peru,Loreto,Maynas,Probable and confirmed,23
2007-03-04,2007,3,2007,9,Peru,Loreto,Maynas,Probable and confirmed,30
2007-03-11,2007,3,2007,10,Peru,Loreto,Maynas,Probable and confirmed,35
2007-03-18,2007,3,2007,11,Peru,Loreto,Maynas,Probable and confirmed,48
2007-03-25,2007,3,2007,12,Peru,Loreto,Maynas,Probable and confirmed,27
2007-04-01,2007,4,2007,13,Peru,Loreto,Maynas,Probable and confirmed,19
2007-04-08,2007,4,2007,14,Peru,Loreto,Maynas,Probable and confirmed,21
2007-04-15,2007,4,2007,15,Peru,Loreto,Maynas,Probable and confirmed,15
2007-04-22,2007,4,2007,16,Peru,Loreto,Maynas,Probable and confirmed,13
2007-04-29,2007,4,2007,17,Peru,Loreto,Maynas,Probable and confirmed,20
2007-05-06,2007,5,2007,18,Peru,Loreto,Maynas,Probable and confirmed,28
2007-05-13,2007,5,2007,19,Peru,Loreto,Maynas,Probable and confirmed,31
2007-05-20,2007,5,2007,20,Peru,Loreto,Maynas,Probable and confirmed,15
2007-05-27,2007,5,2007,21,Peru,Loreto,Maynas,Probable and confirmed,20
2007-06-03,2007,6,2007,22,Peru,Loreto,Maynas,Probable and confirmed,21
2007-06-10,2007,6,2007,23,Peru,Loreto,Maynas,Probable and confirmed,13
2007-06-17,2007,6,2007,24,Peru,Loreto,Maynas,Probable and confirmed,8
2007-06-24,2007,6,2007,25,Peru,Loreto,Maynas,Probable and confirmed,5
2007-07-01,2007,7,2007,26,Peru,Loreto,Maynas,Probable and confirmed,10
2007-07-08,2007,7,2007,27,Peru,Loreto,Maynas,Probable and confirmed,11
2007-07-15,2007,7,2007,28,Peru,Loreto,Maynas,Probable and confirmed,8
2007-07-22,2007,7,2007,29,Peru,Loreto,Maynas,Probable and confirmed,6
2007-07-29,2007,7,2007,30,Peru,Loreto,Maynas,Probable and confirmed,24
2007-08-05,2007,8,2007,31,Peru,Loreto,Maynas,Probable and confirmed,9
2007-08-12,2007,8,2007,32,Peru,Loreto,Maynas,Probable and confirmed,14
2007-08-19,2007,8,2007,33,Peru,Loreto,Maynas,Probable and confirmed,14
2007-08-26,2007,8,2007,34,Peru,Loreto,Maynas,Probable and confirmed,8
2007-09-02,2007,9,2007,35,Peru,Loreto,Maynas,Probable and confirmed,17
2007-09-09,2007,9,2007,36,Peru,Loreto,Maynas,Probable and confirmed,8
2007-09-16,2007,9,2007,37,Peru,Loreto,Maynas,Probable and confirmed,15
2007-09-23,2007,9,2007,38,Peru,Loreto,Maynas,Probable and confirmed,15
2007-09-30,2007,9,2007,39,Peru,Loreto,Maynas,Probable and confirmed,14
2007-10-07,2007,10,2007,40,Peru,Loreto,Maynas,Probable and confirmed,32
2007-10-14,2007,10,2007,41,Peru,Loreto,Maynas,Probable and confirmed,16
2007-10-21,2007,10,2007,42,Peru,Loreto,Maynas,Probable and confirmed,22
2007-10-28,2007,10,2007,43,Peru,Loreto,Maynas,Probable and confirmed,8
2007-11-04,2007,11,2007,44,Peru,Loreto,Maynas,Probable and confirmed,15
2007-11-11,2007,11,2007,45,Peru,Loreto,Maynas,Probable and confirmed,4
2007-11-18,2007,11,2007,46,Peru,Loreto,Maynas,Probable and confirmed,13
2007-11-25,2007,11,2007,47,Peru,Loreto,Maynas,Probable and confirmed,23
2007-12-02,2007,12,2007,48,Peru,Loreto,Maynas,Probable and confirmed,42
2007-12-09,2007,12,2007,49,Peru,Loreto,Maynas,Probable and confirmed,49
2007-12-16,2007,12,2007,50,Peru,Loreto,Maynas,Probable and confirmed,44
2007-12-23,2007,12,2007,51,Peru,Loreto,Maynas,Probable and confirmed,41
2007-12-30,2007,12,2007,52,Peru,Loreto,Maynas,Probable and confirmed,88
2008-01-06,2008,1,2008,1,Peru,Loreto,Maynas,Probable and confirmed,119
2008-01-13,2008,1,2008,2,Peru,Loreto,Maynas,Probable and confirmed,116
2008-01-20,2008,1,2008,3,Peru,Loreto,Maynas,Probable and confirmed,162
2008-01-27,2008,1,2008,4,Peru,Loreto,Maynas,Probable and confirmed,178
2008-02-03,2008,2,2008,5,Peru,Loreto,Maynas,Probable and confirmed,151
2008-02-10,2008,2,2008,6,Peru,Loreto,Maynas,Probable and confirmed,205
2008-02-17,2008,2,2008,7,Peru,Loreto,Maynas,Probable and confirmed,264
2008-02-24,2008,2,2008,8,Peru,Loreto,Maynas,Probable and confirmed,330
2008-03-02,2008,3,2008,9,Peru,Loreto,Maynas,Probable and confirmed,240
2008-03-09,2008,3,2008,10,Peru,Loreto,Maynas,Probable and confirmed,157
2008-03-16,2008,3,2008,11,Peru,Loreto,Maynas,Probable and confirmed,57
2008-03-23,2008,3,2008,12,Peru,Loreto,Maynas,Probable and confirmed,83
2008-03-30,2008,3,2008,13,Peru,Loreto,Maynas,Probable and confirmed,79
2008-04-06,2008,4,2008,14,Peru,Loreto,Maynas,Probable and confirmed,61
2008-04-13,2008,4,2008,15,Peru,Loreto,Maynas,Probable and confirmed,54
2008-04-20,2008,4,2008,16,Peru,Loreto,Maynas,Probable and confirmed,42
2008-04-27,2008,4,2008,17,Peru,Loreto,Maynas,Probable and confirmed,18
2008-05-04,2008,5,2008,18,Peru,Loreto,Maynas,Probable and confirmed,25
2008-05-11,2008,5,2008,19,Peru,Loreto,Maynas,Probable and confirmed,6
2008-05-18,2008,5,2008,20,Peru,Loreto,Maynas,Probable and confirmed,5
2008-05-25,2008,5,2008,21,Peru,Loreto,Maynas,Probable and confirmed,7
2008-06-01,2008,6,2008,22,Peru,Loreto,Maynas,Probable and confirmed,7
2008-06-08,2008,6,2008,23,Peru,Loreto,Maynas,Probable and confirmed,3
2008-06-15,2008,6,2008,24,Peru,Loreto,Maynas,Probable and confirmed,1
2008-06-22,2008,6,2008,25,Peru,Loreto,Maynas,Probable and confirmed,6
2008-06-29,2008,6,2008,26,Peru,Loreto,Maynas,Probable and confirmed,9
2008-07-06,2008,7,2008,27,Peru,Loreto,Maynas,Probable and confirmed,23
2008-07-13,2008,7,2008,28,Peru,Loreto,Maynas,Probable and confirmed,9
2008-07-20,2008,7,2008,29,Peru,Loreto,Maynas,Probable and confirmed,19
2008-07-27,2008,7,2008,30,Peru,Loreto,Maynas,Probable and confirmed,10
2008-08-03,2008,8,2008,31,Peru,Loreto,Maynas,Probable and confirmed,4
2008-08-10,2008,8,2008,32,Peru,Loreto,Maynas,Probable and confirmed,5
2008-08-17,2008,8,2008,33,Peru,Loreto,Maynas,Probable and confirmed,5
2008-08-24,2008,8,2008,34,Peru,Loreto,Maynas,Probable and confirmed,13
2008-08-31,2008,8,2008,35,Peru,Loreto,Maynas,Probable and confirmed,18
2008-09-07,2008,9,2008,36,Peru,Loreto,Maynas,Probable and confirmed,38
2008-09-14,2008,9,2008,37,Peru,Loreto,Maynas,Probable and confirmed,55
2008-09-21,2008,9,2008,38,Peru,Loreto,Maynas,Probable and confirmed,74
2008-09-28,2008,9,2008,39,Peru,Loreto,Maynas,Probable and confirmed,156
2008-10-05,2008,10,2008,40,Peru,Loreto,Maynas,Probable and confirmed,287
2008-10-12,2008,10,2008,41,Peru,Loreto,Maynas,Probable and confirmed,366
2008-10-19,2008,10,2008,42,Peru,Loreto,Maynas,Probable and confirmed,332
2008-10-26,2008,10,2008,43,Peru,Loreto,Maynas,Probable and confirmed,316
2008-11-02,2008,11,2008,44,Peru,Loreto,Maynas,Probable and confirmed,402
2008-11-09,2008,11,2008,45,Peru,Loreto,Maynas,Probable and confirmed,318
2008-11-16,2008,11,2008,46,Peru,Loreto,Maynas,Probable and confirmed,180
2008-11-23,2008,11,2008,47,Peru,Loreto,Maynas,Probable and confirmed,246
2008-11-30,2008,11,2008,48,Peru,Loreto,Maynas,Probable and confirmed,289
2008-12-07,2008,12,2008,49,Peru,Loreto,Maynas,Probable and confirmed,267
2008-12-14,2008,12,2008,50,Peru,Loreto,Maynas,Probable and confirmed,257
2008-12-21,2008,12,2008,51,Peru,Loreto,Maynas,Probable and confirmed,290
2008-12-28,2008,12,2008,52,Peru,Loreto,Maynas,Probable and confirmed,165
2009-01-04,2009,1,2009,1,Peru,Loreto,Maynas,Probable and confirmed,222
2009-01-11,2009,1,2009,2,Peru,Loreto,Maynas,Probable and confirmed,240
2009-01-18,2009,1,2009,3,Peru,Loreto,Maynas,Probable and confirmed,187
2009-01-25,2009,1,2009,4,Peru,Loreto,Maynas,Probable and confirmed,213
2009-02-01,2009,2,2009,5,Peru,Loreto,Maynas,Probable and confirmed,221
2009-02-08,2009,2,2009,6,Peru,Loreto,Maynas,Probable and confirmed,201
2009-02-15,2009,2,2009,7,Peru,Loreto,Maynas,Probable and confirmed,137
2009-02-22,2009,2,2009,8,Peru,Loreto,Maynas,Probable and confirmed,89
2009-03-01,2009,3,2009,9,Peru,Loreto,Maynas,Probable and confirmed,87
2009-03-08,2009,3,2009,10,Peru,Loreto,Maynas,Probable and confirmed,110
2009-03-15,2009,3,2009,11,Peru,Loreto,Maynas,Probable and confirmed,85
2009-03-22,2009,3,2009,12,Peru,Loreto,Maynas,Probable and confirmed,73
2009-03-29,2009,3,2009,13,Peru,Loreto,Maynas,Probable and confirmed,87
2009-04-05,2009,4,2009,14,Peru,Loreto,Maynas,Probable and confirmed,75
2009-04-12,2009,4,2009,15,Peru,Loreto,Maynas,Probable and confirmed,75
2009-04-19,2009,4,2009,16,Peru,Loreto,Maynas,Probable and confirmed,90
2009-04-26,2009,4,2009,17,Peru,Loreto,Maynas,Probable and confirmed,41
2009-05-03,2009,5,2009,18,Peru,Loreto,Maynas,Probable and confirmed,52
2009-05-10,2009,5,2009,19,Peru,Loreto,Maynas,Probable and confirmed,41
2009-05-17,2009,5,2009,20,Peru,Loreto,Maynas,Probable and confirmed,23
2009-05-24,2009,5,2009,21,Peru,Loreto,Maynas,Probable and confirmed,27
2009-05-31,2009,5,2009,22,Peru,Loreto,Maynas,Probable and confirmed,33
2009-06-07,2009,6,2009,23,Peru,Loreto,Maynas,Probable and confirmed,38
2009-06-14,2009,6,2009,24,Peru,Loreto,Maynas,Probable and confirmed,51
2009-06-21,2009,6,2009,25,Peru,Loreto,Maynas,Probable and confirmed,44
2009-06-28,2009,6,2009,26,Peru,Loreto,Maynas,Probable and confirmed,42
2009-07-05,2009,7,2009,27,Peru,Loreto,Maynas,Probable and confirmed,39
2009-07-12,2009,7,2009,28,Peru,Loreto,Maynas,Probable and confirmed,26
2009-07-19,2009,7,2009,29,Peru,Loreto,Maynas,Probable and confirmed,19
2009-07-26,2009,7,2009,30,Peru,Loreto,Maynas,Probable and confirmed,21
2009-08-02,2009,8,2009,31,Peru,Loreto,Maynas,Probable and confirmed,23
2009-08-09,2009,8,2009,32,Peru,Loreto,Maynas,Probable and confirmed,23
2009-08-16,2009,8,2009,33,Peru,Loreto,Maynas,Probable and confirmed,15
2009-08-23,2009,8,2009,34,Peru,Loreto,Maynas,Probable and confirmed,16
2009-08-30,2009,8,2009,35,Peru,Loreto,Maynas,Probable and confirmed,19
2009-09-06,2009,9,2009,36,Peru,Loreto,Maynas,Probable and confirmed,19
2009-09-13,2009,9,2009,37,Peru,Loreto,Maynas,Probable and confirmed,28
2009-09-20,2009,9,2009,38,Peru,Loreto,Maynas,Probable and confirmed,25
2009-09-27,2009,9,2009,39,Peru,Loreto,Maynas,Probable and confirmed,24
2009-10-04,2009,10,2009,40,Peru,Loreto,Maynas,Probable and confirmed,14
2009-10-11,2009,10,2009,41,Peru,Loreto,Maynas,Probable and confirmed,24
2009-10-18,2009,10,2009,42,Peru,Loreto,Maynas,Probable and confirmed,12
2009-10-25,2009,10,2009,43,Peru,Loreto,Maynas,Probable and confirmed,50
2009-11-01,2009,11,2009,44,Peru,Loreto,Maynas,Probable and confirmed,47
2009-11-08,2009,11,2009,45,Peru,Loreto,Maynas,Probable and confirmed,43
2009-11-15,2009,11,2009,46,Peru,Loreto,Maynas,Probable and confirmed,66
2009-11-22,2009,11,2009,47,Peru,Loreto,Maynas,Probable and confirmed,34
2009-11-29,2009,11,2009,48,Peru,Loreto,Maynas,Probable and confirmed,50
2009-12-06,2009,12,2009,49,Peru,Loreto,Maynas,Probable and confirmed,30
2009-12-13,2009,12,2009,50,Peru,Loreto,Maynas,Probable and confirmed,21
2009-12-20,2009,12,2009,51,Peru,Loreto,Maynas,Probable and confirmed,23
2009-12-27,2009,12,2009,52,Peru,Loreto,Maynas,Probable and confirmed,31
2010-01-03,2010,1,2009,53,Peru,Loreto,Maynas,Probable and confirmed,25
2010-01-10,2010,1,2010,1,Peru,Loreto,Maynas,Probable and confirmed,18
2010-01-17,2010,1,2010,2,Peru,Loreto,Maynas,Probable and confirmed,15
2010-01-24,2010,1,2010,3,Peru,Loreto,Maynas,Probable and confirmed,30
2010-01-31,2010,1,2010,4,Peru,Loreto,Maynas,Probable and confirmed,26
2010-02-07,2010,2,2010,5,Peru,Loreto,Maynas,Probable and confirmed,29
2010-02-14,2010,2,2010,6,Peru,Loreto,Maynas,Probable and confirmed,36
2010-02-21,2010,2,2010,7,Peru,Loreto,Maynas,Probable and confirmed,39
2010-02-28,2010,2,2010,8,Peru,Loreto,Maynas,Probable and confirmed,18
2010-03-07,2010,3,2010,9,Peru,Loreto,Maynas,Probable and confirmed,22
2010-03-14,2010,3,2010,10,Peru,Loreto,Maynas,Probable and confirmed,21
2010-03-21,2010,3,2010,11,Peru,Loreto,Maynas,Probable and confirmed,9
2010-03-28,2010,3,2010,12,Peru,Loreto,Maynas,Probable and confirmed,7
2010-04-04,2010,4,2010,13,Peru,Loreto,Maynas,Probable and confirmed,15
2010-04-11,2010,4,2010,14,Peru,Loreto,Maynas,Probable and confirmed,16
2010-04-18,2010,4,2010,15,Peru,Loreto,Maynas,Probable and confirmed,16
2010-04-25,2010,4,2010,16,Peru,Loreto,Maynas,Probable and confirmed,8
2010-05-02,2010,5,2010,17,Peru,Loreto,Maynas,Probable and confirmed,12
2010-05-09,2010,5,2010,18,Peru,Loreto,Maynas,Probable and confirmed,8
2010-05-16,2010,5,2010,19,Peru,Loreto,Maynas,Probable and confirmed,13
2010-05-23,2010,5,2010,20,Peru,Loreto,Maynas,Probable and confirmed,9
2010-05-30,2010,5,2010,21,Peru,Loreto,Maynas,Probable and confirmed,8
2010-06-06,2010,6,2010,22,Peru,Loreto,Maynas,Probable and confirmed,7
2010-06-13,2010,6,2010,23,Peru,Loreto,Maynas,Probable and confirmed,5
2010-06-20,2010,6,2010,24,Peru,Loreto,Maynas,Probable and confirmed,4
2010-06-27,2010,6,2010,25,Peru,Loreto,Maynas,Probable and confirmed,2
2010-07-04,2010,7,2010,26,Peru,Loreto,Maynas,Probable and confirmed,5
2010-07-11,2010,7,2010,27,Peru,Loreto,Maynas,Probable and confirmed,6
2010-07-18,2010,7,2010,28,Peru,Loreto,Maynas,Probable and confirmed,9
2010-07-25,2010,7,2010,29,Peru,Loreto,Maynas,Probable and confirmed,2
2010-08-01,2010,8,2010,30,Peru,Loreto,Maynas,Probable and confirmed,5
2010-08-08,2010,8,2010,31,Peru,Loreto,Maynas,Probable and confirmed,7
2010-08-15,2010,8,2010,32,Peru,Loreto,Maynas,Probable and confirmed,3
2010-08-22,2010,8,2010,33,Peru,Loreto,Maynas,Probable and confirmed,1
2010-08-29,2010,8,2010,34,Peru,Loreto,Maynas,Probable and confirmed,2
2010-09-05,2010,9,2010,35,Peru,Loreto,Maynas,Probable and confirmed,4
2010-09-12,2010,9,2010,36,Peru,Loreto,Maynas,Probable and confirmed,8
2010-09-19,2010,9,2010,37,Peru,Loreto,Maynas,Probable and confirmed,6
2010-09-26,2010,9,2010,38,Peru,Loreto,Maynas,Probable and confirmed,6
2010-10-03,2010,10,2010,39,Peru,Loreto,Maynas,Probable and confirmed,2
2010-10-10,2010,10,2010,40,Peru,Loreto,Maynas,Probable and confirmed,2
2010-10-17,2010,10,2010,41,Peru,Loreto,Maynas,Probable and confirmed,5
2010-10-24,2010,10,2010,42,Peru,Loreto,Maynas,Probable and confirmed,8
2010-10-31,2010,10,2010,43,Peru,Loreto,Maynas,Probable and confirmed,12
2010-11-07,2010,11,2010,44,Peru,Loreto,Maynas,Probable and confirmed,11
2010-11-14,2010,11,2010,45,Peru,Loreto,Maynas,Probable and confirmed,11
2010-11-21,2010,11,2010,46,Peru,Loreto,Maynas,Probable and confirmed,10
2010-11-28,2010,11,2010,47,Peru,Loreto,Maynas,Probable and confirmed,26
2010-12-05,2010,12,2010,48,Peru,Loreto,Maynas,Probable and confirmed,22
2010-12-12,2010,12,2010,49,Peru,Loreto,Maynas,Probable and confirmed,27
2010-12-19,2010,12,2010,50,Peru,Loreto,Maynas,Probable and confirmed,46
2010-12-26,2010,12,2010,51,Peru,Loreto,Maynas,Probable and confirmed,136
2011-01-02,2011,1,2010,52,Peru,Loreto,Maynas,Probable and confirmed,1133
2011-01-09,2011,1,2011,1,Peru,Loreto,Maynas,Probable and confirmed,1944
2011-01-16,2011,1,2011,2,Peru,Loreto,Maynas,Probable and confirmed,2941
2011-01-23,2011,1,2011,3,Peru,Loreto,Maynas,Probable and confirmed,2404
2011-01-30,2011,1,2011,4,Peru,Loreto,Maynas,Probable and confirmed,1830
2011-02-06,2011,2,2011,5,Peru,Loreto,Maynas,Probable and confirmed,2517
2011-02-13,2011,2,2011,6,Peru,Loreto,Maynas,Probable and confirmed,1197
2011-02-20,2011,2,2011,7,Peru,Loreto,Maynas,Probable and confirmed,1379
2011-02-27,2011,2,2011,8,Peru,Loreto,Maynas,Probable and confirmed,919
2011-03-06,2011,3,2011,9,Peru,Loreto,Maynas,Probable and confirmed,733
2011-03-13,2011,3,2011,10,Peru,Loreto,Maynas,Probable and confirmed,589
2011-03-20,2011,3,2011,11,Peru,Loreto,Maynas,Probable and confirmed,449
2011-03-27,2011,3,2011,12,Peru,Loreto,Maynas,Probable and confirmed,377
2011-04-03,2011,4,2011,13,Peru,Loreto,Maynas,Probable and confirmed,205
2011-04-10,2011,4,2011,14,Peru,Loreto,Maynas,Probable and confirmed,157
2011-04-17,2011,4,2011,15,Peru,Loreto,Maynas,Probable and confirmed,131
2011-04-24,2011,4,2011,16,Peru,Loreto,Maynas,Probable and confirmed,92
2011-05-01,2011,5,2011,17,Peru,Loreto,Maynas,Probable and confirmed,83
2011-05-08,2011,5,2011,18,Peru,Loreto,Maynas,Probable and confirmed,65
2011-05-15,2011,5,2011,19,Peru,Loreto,Maynas,Probable and confirmed,42
2011-05-22,2011,5,2011,20,Peru,Loreto,Maynas,Probable and confirmed,44
2011-05-29,2011,5,2011,21,Peru,Loreto,Maynas,Probable and confirmed,46
2011-06-05,2011,6,2011,22,Peru,Loreto,Maynas,Probable and confirmed,44
2011-06-12,2011,6,2011,23,Peru,Loreto,Maynas,Probable and confirmed,34
2011-06-19,2011,6,2011,24,Peru,Loreto,Maynas,Probable and confirmed,34
2011-06-26,2011,6,2011,25,Peru,Loreto,Maynas,Probable and confirmed,28
2011-07-03,2011,7,2011,26,Peru,Loreto,Maynas,Probable and confirmed,34
2011-07-10,2011,7,2011,27,Peru,Loreto,Maynas,Probable and confirmed,20
2011-07-17,2011,7,2011,28,Peru,Loreto,Maynas,Probable and confirmed,24
2011-07-24,2011,7,2011,29,Peru,Loreto,Maynas,Probable and confirmed,24
2011-07-31,2011,7,2011,30,Peru,Loreto,Maynas,Probable and confirmed,35
2011-08-07,2011,8,2011,31,Peru,Loreto,Maynas,Probable and confirmed,28
2011-08-14,2011,8,2011,32,Peru,Loreto,Maynas,Probable and confirmed,29
2011-08-21,2011,8,2011,33,Peru,Loreto,Maynas,Probable and confirmed,20
2011-08-28,2011,8,2011,34,Peru,Loreto,Maynas,Probable and confirmed,12
2011-09-04,2011,9,2011,35,Peru,Loreto,Maynas,Probable and confirmed,17
2011-09-11,2011,9,2011,36,Peru,Loreto,Maynas,Probable and confirmed,6
2011-09-18,2011,9,2011,37,Peru,Loreto,Maynas,Probable and confirmed,7
2011-09-25,2011,9,2011,38,Peru,Loreto,Maynas,Probable and confirmed,13
2011-10-02,2011,10,2011,39,Peru,Loreto,Maynas,Probable and confirmed,23
2011-10-09,2011,10,2011,40,Peru,Loreto,Maynas,Probable and confirmed,19
2011-10-16,2011,10,2011,41,Peru,Loreto,Maynas,Probable and confirmed,11
2011-10-23,2011,10,2011,42,Peru,Loreto,Maynas,Probable and confirmed,7
2011-10-30,2011,10,2011,43,Peru,Loreto,Maynas,Probable and confirmed,10
2011-11-06,2011,11,2011,44,Peru,Loreto,Maynas,Probable and confirmed,6
2011-11-13,2011,11,2011,45,Peru,Loreto,Maynas,Probable and confirmed,12
2011-11-20,2011,11,2011,46,Peru,Loreto,Maynas,Probable and confirmed,19
2011-11-27,2011,11,2011,47,Peru,Loreto,Maynas,Probable and confirmed,19
2011-12-04,2011,12,2011,48,Peru,Loreto,Maynas,Probable and confirmed,21
2011-12-11,2011,12,2011,49,Peru,Loreto,Maynas,Probable and confirmed,9
2011-12-18,2011,12,2011,50,Peru,Loreto,Maynas,Probable and confirmed,6
2011-12-25,2011,12,2011,51,Peru,Loreto,Maynas,Probable and confirmed,13
2012-01-01,2012,1,2011,52,Peru,Loreto,Maynas,Probable and confirmed,67
2012-01-08,2012,1,2012,1,Peru,Loreto,Maynas,Probable and confirmed,64
2012-01-15,2012,1,2012,2,Peru,Loreto,Maynas,Probable and confirmed,51
2012-01-22,2012,1,2012,3,Peru,Loreto,Maynas,Probable and confirmed,51
2012-01-29,2012,1,2012,4,Peru,Loreto,Maynas,Probable and confirmed,100
2012-02-05,2012,2,2012,5,Peru,Loreto,Maynas,Probable and confirmed,115
2012-02-12,2012,2,2012,6,Peru,Loreto,Maynas,Probable and confirmed,103
2012-02-19,2012,2,2012,7,Peru,Loreto,Maynas,Probable and confirmed,80
2012-02-26,2012,2,2012,8,Peru,Loreto,Maynas,Probable and confirmed,67
2012-03-04,2012,3,2012,9,Peru,Loreto,Maynas,Probable and confirmed,68
2012-03-11,2012,3,2012,10,Peru,Loreto,Maynas,Probable and confirmed,87
2012-03-18,2012,3,2012,11,Peru,Loreto,Maynas,Probable and confirmed,105
2012-03-25,2012,3,2012,12,Peru,Loreto,Maynas,Probable and confirmed,142
2012-04-01,2012,4,2012,13,Peru,Loreto,Maynas,Probable and confirmed,158
2012-04-08,2012,4,2012,14,Peru,Loreto,Maynas,Probable and confirmed,152
2012-04-15,2012,4,2012,15,Peru,Loreto,Maynas,Probable and confirmed,141
2012-04-22,2012,4,2012,16,Peru,Loreto,Maynas,Probable and confirmed,142
2012-04-29,2012,4,2012,17,Peru,Loreto,Maynas,Probable and confirmed,125
2012-05-06,2012,5,2012,18,Peru,Loreto,Maynas,Probable and confirmed,99
2012-05-13,2012,5,2012,19,Peru,Loreto,Maynas,Probable and confirmed,120
2012-05-20,2012,5,2012,20,Peru,Loreto,Maynas,Probable and confirmed,89
2012-05-27,2012,5,2012,21,Peru,Loreto,Maynas,Probable and confirmed,75
2012-06-03,2012,6,2012,22,Peru,Loreto,Maynas,Probable and confirmed,55
2012-06-10,2012,6,2012,23,Peru,Loreto,Maynas,Probable and confirmed,59
2012-06-17,2012,6,2012,24,Peru,Loreto,Maynas,Probable and confirmed,88
2012-06-24,2012,6,2012,25,Peru,Loreto,Maynas,Probable and confirmed,109
2012-07-01,2012,7,2012,26,Peru,Loreto,Maynas,Probable and confirmed,112
2012-07-08,2012,7,2012,27,Peru,Loreto,Maynas,Probable and confirmed,50
2012-07-15,2012,7,2012,28,Peru,Loreto,Maynas,Probable and confirmed,14
2012-07-22,2012,7,2012,29,Peru,Loreto,Maynas,Probable and confirmed,14
2012-07-29,2012,7,2012,30,Peru,Loreto,Maynas,Probable and confirmed,8
2012-08-05,2012,8,2012,31,Peru,Loreto,Maynas,Probable and confirmed,9
2012-08-12,2012,8,2012,32,Peru,Loreto,Maynas,Probable and confirmed,17
2012-08-19,2012,8,2012,33,Peru,Loreto,Maynas,Probable and confirmed,9
2012-08-26,2012,8,2012,34,Peru,Loreto,Maynas,Probable and confirmed,13
2012-09-02,2012,9,2012,35,Peru,Loreto,Maynas,Probable and confirmed,14
2012-09-09,2012,9,2012,36,Peru,Loreto,Maynas,Probable and confirmed,10
2012-09-16,2012,9,2012,37,Peru,Loreto,Maynas,Probable and confirmed,15
2012-09-23,2012,9,2012,38,Peru,Loreto,Maynas,Probable and confirmed,14
2012-09-30,2012,9,2012,39,Peru,Loreto,Maynas,Probable and confirmed,12
2012-10-07,2012,10,2012,40,Peru,Loreto,Maynas,Probable and confirmed,23
2012-10-14,2012,10,2012,41,Peru,Loreto,Maynas,Probable and confirmed,19
2012-10-21,2012,10,2012,42,Peru,Loreto,Maynas,Probable and confirmed,21
2012-10-28,2012,10,2012,43,Peru,Loreto,Maynas,Probable and confirmed,26
2012-11-04,2012,11,2012,44,Peru,Loreto,Maynas,Probable and confirmed,48
2012-11-11,2012,11,2012,45,Peru,Loreto,Maynas,Probable and confirmed,54
2012-11-18,2012,11,2012,46,Peru,Loreto,Maynas,Probable and confirmed,98
2012-11-25,2012,11,2012,47,Peru,Loreto,Maynas,Probable and confirmed,123
2012-12-02,2012,12,2012,48,Peru,Loreto,Maynas,Probable and confirmed,137
2012-12-09,2012,12,2012,49,Peru,Loreto,Maynas,Probable and confirmed,69
2012-12-16,2012,12,2012,50,Peru,Loreto,Maynas,Probable and confirmed,37
2012-12-23,2012,12,2012,51,Peru,Loreto,Maynas,Probable and confirmed,26
2012-12-30,2012,12,2012,52,Peru,Loreto,Maynas,Probable and confirmed,59
2013-01-06,2013,1,2013,1,Peru,Loreto,Maynas,Probable and confirmed,46
2013-01-13,2013,1,2013,2,Peru,Loreto,Maynas,Probable and confirmed,62
2013-01-20,2013,1,2013,3,Peru,Loreto,Maynas,Probable and confirmed,67
2013-01-27,2013,1,2013,4,Peru,Loreto,Maynas,Probable and confirmed,80
2013-02-03,2013,2,2013,5,Peru,Loreto,Maynas,Probable and confirmed,127
2013-02-10,2013,2,2013,6,Peru,Loreto,Maynas,Probable and confirmed,91
2013-02-17,2013,2,2013,7,Peru,Loreto,Maynas,Probable and confirmed,101
2013-02-24,2013,2,2013,8,Peru,Loreto,Maynas,Probable and confirmed,62
2013-03-03,2013,3,2013,9,Peru,Loreto,Maynas,Probable and confirmed,105
2013-03-10,2013,3,2013,10,Peru,Loreto,Maynas,Probable and confirmed,108
2013-03-17,2013,3,2013,11,Peru,Loreto,Maynas,Probable and confirmed,111
2013-03-24,2013,3,2013,12,Peru,Loreto,Maynas,Probable and confirmed,83
2013-03-31,2013,3,2013,13,Peru,Loreto,Maynas,Probable and confirmed,106
2013-04-07,2013,4,2013,14,Peru,Loreto,Maynas,Probable and confirmed,76
2013-04-14,2013,4,2013,15,Peru,Loreto,Maynas,Probable and confirmed,87
2013-04-21,2013,4,2013,16,Peru,Loreto,Maynas,Probable and confirmed,57
2013-04-28,2013,4,2013,17,Peru,Loreto,Maynas,Probable and confirmed,78
2013-05-05,2013,5,2013,18,Peru,Loreto,Maynas,Probable and confirmed,74
2013-05-12,2013,5,2013,19,Peru,Loreto,Maynas,Probable and confirmed,89
2013-05-19,2013,5,2013,20,Peru,Loreto,Maynas,Probable and confirmed,113
2013-05-26,2013,5,2013,21,Peru,Loreto,Maynas,Probable and confirmed,76
2013-06-02,2013,6,2013,22,Peru,Loreto,Maynas,Probable and confirmed,91
2013-06-09,2013,6,2013,23,Peru,Loreto,Maynas,Probable and confirmed,76
2013-06-16,2013,6,2013,24,Peru,Loreto,Maynas,Probable and confirmed,56
2013-06-23,2013,6,2013,25,Peru,Loreto,Maynas,Probable and confirmed,59
2013-06-30,2013,6,2013,26,Peru,Loreto,Maynas,Probable and confirmed,62
2013-07-07,2013,7,2013,27,Peru,Loreto,Maynas,Probable and confirmed,50
2013-07-14,2013,7,2013,28,Peru,Loreto,Maynas,Probable and confirmed,44
2013-07-21,2013,7,2013,29,Peru,Loreto,Maynas,Probable and confirmed,11
2013-07-28,2013,7,2013,30,Peru,Loreto,Maynas,Probable and confirmed,28
2013-08-04,2013,8,2013,31,Peru,Loreto,Maynas,Probable and confirmed,48
2013-08-11,2013,8,2013,32,Peru,Loreto,Maynas,Probable and confirmed,31
2013-08-18,2013,8,2013,33,Peru,Loreto,Maynas,Probable and confirmed,46
2013-08-25,2013,8,2013,34,Peru,Loreto,Maynas,Probable and confirmed,35
2013-09-01,2013,9,2013,35,Peru,Loreto,Maynas,Probable and confirmed,32
2013-09-08,2013,9,2013,36,Peru,Loreto,Maynas,Probable and confirmed,48
2013-09-15,2013,9,2013,37,Peru,Loreto,Maynas,Probable and confirmed,22
2013-09-22,2013,9,2013,38,Peru,Loreto,Maynas,Probable and confirmed,24
2013-09-29,2013,9,2013,39,Peru,Loreto,Maynas,Probable and confirmed,25
2013-10-06,2013,10,2013,40,Peru,Loreto,Maynas,Probable and confirmed,19
2013-10-13,2013,10,2013,41,Peru,Loreto,Maynas,Probable and confirmed,9
2013-10-20,2013,10,2013,42,Peru,Loreto,Maynas,Probable and confirmed,27
2013-10-27,2013,10,2013,43,Peru,Loreto,Maynas,Probable and confirmed,36
2013-11-03,2013,11,2013,44,Peru,Loreto,Maynas,Probable and confirmed,46
2013-11-10,2013,11,2013,45,Peru,Loreto,Maynas,Probable and confirmed,58
2013-11-17,2013,11,2013,46,Peru,Loreto,Maynas,Probable and confirmed,89
2013-11-24,2013,11,2013,47,Peru,Loreto,Maynas,Probable and confirmed,98
2013-12-01,2013,12,2013,48,Peru,Loreto,Maynas,Probable and confirmed,86
2013-12-08,2013,12,2013,49,Peru,Loreto,Maynas,Probable and confirmed,90
2013-12-15,2013,12,2013,50,Peru,Loreto,Maynas,Probable and confirmed,55
2013-12-22,2013,12,2013,51,Peru,Loreto,Maynas,Probable and confirmed,74
2013-12-29,2013,12,2013,52,Peru,Loreto,Maynas,Probable and confirmed,132
2014-01-05,2014,1,2014,1,Peru,Loreto,Maynas,Probable and confirmed,120
2014-01-12,2014,1,2014,2,Peru,Loreto,Maynas,Probable and confirmed,129
2014-01-19,2014,1,2014,3,Peru,Loreto,Maynas,Probable and confirmed,235
2014-01-26,2014,1,2014,4,Peru,Loreto,Maynas,Probable and confirmed,209
2014-02-02,2014,2,2014,5,Peru,Loreto,Maynas,Probable and confirmed,237
2014-02-09,2014,2,2014,6,Peru,Loreto,Maynas,Probable and confirmed,269
2014-02-16,2014,2,2014,7,Peru,Loreto,Maynas,Probable and confirmed,203
2014-02-23,2014,2,2014,8,Peru,Loreto,Maynas,Probable and confirmed,138
2014-03-02,2014,3,2014,9,Peru,Loreto,Maynas,Probable and confirmed,130
2014-03-09,2014,3,2014,10,Peru,Loreto,Maynas,Probable and confirmed,135
2014-03-16,2014,3,2014,11,Peru,Loreto,Maynas,Probable and confirmed,121
2014-03-23,2014,3,2014,12,Peru,Loreto,Maynas,Probable and confirmed,103
2014-03-30,2014,3,2014,13,Peru,Loreto,Maynas,Probable and confirmed,115
2014-04-06,2014,4,2014,14,Peru,Loreto,Maynas,Probable and confirmed,117
2014-04-13,2014,4,2014,15,Peru,Loreto,Maynas,Probable and confirmed,134
2014-04-20,2014,4,2014,16,Peru,Loreto,Maynas,Probable and confirmed,94
2014-04-27,2014,4,2014,17,Peru,Loreto,Maynas,Probable and confirmed,141
2014-05-04,2014,5,2014,18,Peru,Loreto,Maynas,Probable and confirmed,141
2014-05-11,2014,5,2014,19,Peru,Loreto,Maynas,Probable and confirmed,77
2014-05-18,2014,5,2014,20,Peru,Loreto,Maynas,Probable and confirmed,91
2014-05-25,2014,5,2014,21,Peru,Loreto,Maynas,Probable and confirmed,93
2014-06-01,2014,6,2014,22,Peru,Loreto,Maynas,Probable and confirmed,97
2014-06-08,2014,6,2014,23,Peru,Loreto,Maynas,Probable and confirmed,69
2014-06-15,2014,6,2014,24,Peru,Loreto,Maynas,Probable and confirmed,79
2014-06-22,2014,6,2014,25,Peru,Loreto,Maynas,Probable and confirmed,106
2014-06-29,2014,6,2014,26,Peru,Loreto,Maynas,Probable and confirmed,79
2014-07-06,2014,7,2014,27,Peru,Loreto,Maynas,Probable and confirmed,86
2014-07-13,2014,7,2014,28,Peru,Loreto,Maynas,Probable and confirmed,58
2014-07-20,2014,7,2014,29,Peru,Loreto,Maynas,Probable and confirmed,32
2014-07-27,2014,7,2014,30,Peru,Loreto,Maynas,Probable and confirmed,27
2014-08-03,2014,8,2014,31,Peru,Loreto,Maynas,Probable and confirmed,26
2014-08-10,2014,8,2014,32,Peru,Loreto,Maynas,Probable and confirmed,51
2014-08-17,2014,8,2014,33,Peru,Loreto,Maynas,Probable and confirmed,38
2014-08-24,2014,8,2014,34,Peru,Loreto,Maynas,Probable and confirmed,21
2014-08-31,2014,8,2014,35,Peru,Loreto,Maynas,Probable and confirmed,38
2014-09-07,2014,9,2014,36,Peru,Loreto,Maynas,Probable and confirmed,49
2014-09-14,2014,9,2014,37,Peru,Loreto,Maynas,Probable and confirmed,44
2014-09-21,2014,9,2014,38,Peru,Loreto,Maynas,Probable and confirmed,21
2014-09-28,2014,9,2014,39,Peru,Loreto,Maynas,Probable and confirmed,33
2014-10-05,2014,10,2014,40,Peru,Loreto,Maynas,Probable and confirmed,32
2014-10-12,2014,10,2014,41,Peru,Loreto,Maynas,Probable and confirmed,49
2014-10-19,2014,10,2014,42,Peru,Loreto,Maynas,Probable and confirmed,54
2014-10-26,2014,10,2014,43,Peru,Loreto,Maynas,Probable and confirmed,44
2014-11-02,2014,11,2014,44,Peru,Loreto,Maynas,Probable and confirmed,77
2014-11-09,2014,11,2014,45,Peru,Loreto,Maynas,Probable and confirmed,65
2014-11-16,2014,11,2014,46,Peru,Loreto,Maynas,Probable and confirmed,82
2014-11-23,2014,11,2014,47,Peru,Loreto,Maynas,Probable and confirmed,51
2014-11-30,2014,11,2014,48,Peru,Loreto,Maynas,Probable and confirmed,51
2014-12-07,2014,12,2014,49,Peru,Loreto,Maynas,Probable and confirmed,30
2014-12-14,2014,12,2014,50,Peru,Loreto,Maynas,Probable and confirmed,40
2014-12-21,2014,12,2014,51,Peru,Loreto,Maynas,Probable and confirmed,43
2014-12-28,2014,12,2014,52,Peru,Loreto,Maynas,Probable and confirmed,39
2015-01-04,2015,1,2015,1,Peru,Loreto,Maynas,Probable and confirmed,41
2015-01-11,2015,1,2015,2,Peru,Loreto,Maynas,Probable and confirmed,39
2015-01-18,2015,1,2015,3,Peru,Loreto,Maynas,Probable and confirmed,36
2015-01-25,2015,1,2015,4,Peru,Loreto,Maynas,Probable and confirmed,48
2015-02-01,2015,2,2015,5,Peru,Loreto,Maynas,Probable and confirmed,38
2015-02-08,2015,2,2015,6,Peru,Loreto,Maynas,Probable and confirmed,41
2015-02-15,2015,2,2015,7,Peru,Loreto,Maynas,Probable and confirmed,76
2015-02-22,2015,2,2015,8,Peru,Loreto,Maynas,Probable and confirmed,70
2015-03-01,2015,3,2015,9,Peru,Loreto,Maynas,Probable and confirmed,44
2015-03-08,2015,3,2015,10,Peru,Loreto,Maynas,Probable and confirmed,38
2015-03-15,2015,3,2015,11,Peru,Loreto,Maynas,Probable and confirmed,40
2015-03-22,2015,3,2015,12,Peru,Loreto,Maynas,Probable and confirmed,30
2015-03-29,2015,3,2015,13,Peru,Loreto,Maynas,Probable and confirmed,38
2015-04-05,2015,4,2015,14,Peru,Loreto,Maynas,Probable and confirmed,39
2015-04-12,2015,4,2015,15,Peru,Loreto,Maynas,Probable and confirmed,33
2015-04-19,2015,4,2015,16,Peru,Loreto,Maynas,Probable and confirmed,42
2015-04-26,2015,4,2015,17,Peru,Loreto,Maynas,Probable and confirmed,24
2015-05-03,2015,5,2015,18,Peru,Loreto,Maynas,Probable and confirmed,19
2015-05-10,2015,5,2015,19,Peru,Loreto,Maynas,Probable and confirmed,16
2015-05-17,2015,5,2015,20,Peru,Loreto,Maynas,Probable and confirmed,17
2015-05-24,2015,5,2015,21,Peru,Loreto,Maynas,Probable and confirmed,28
2015-05-31,2015,5,2015,22,Peru,Loreto,Maynas,Probable and confirmed,14
2015-06-07,2015,6,2015,23,Peru,Loreto,Maynas,Probable and confirmed,13
2015-06-14,2015,6,2015,24,Peru,Loreto,Maynas,Probable and confirmed,10
2015-06-21,2015,6,2015,25,Peru,Loreto,Maynas,Probable and confirmed,13
2015-06-28,2015,6,2015,26,Peru,Loreto,Maynas,Probable and confirmed,5
2015-07-05,2015,7,2015,27,Peru,Loreto,Maynas,Probable and confirmed,1
2015-07-12,2015,7,2015,28,Peru,Loreto,Maynas,Probable and confirmed,4
2015-07-19,2015,7,2015,29,Peru,Loreto,Maynas,Probable and confirmed,5
2015-07-26,2015,7,2015,30,Peru,Loreto,Maynas,Probable and confirmed,3
2015-08-02,2015,8,2015,31,Peru,Loreto,Maynas,Probable and confirmed,8
2015-08-09,2015,8,2015,32,Peru,Loreto,Maynas,Probable and confirmed,5
2015-08-16,2015,8,2015,33,Peru,Loreto,Maynas,Probable and confirmed,8
2015-08-23,2015,8,2015,34,Peru,Loreto,Maynas,Probable and confirmed,6
2015-08-30,2015,8,2015,35,Peru,Loreto,Maynas,Probable and confirmed,4
2015-09-06,2015,9,2015,36,Peru,Loreto,Maynas,Probable and confirmed,1
2015-09-13,2015,9,2015,37,Peru,Loreto,Maynas,Probable and confirmed,6
2015-09-20,2015,9,2015,38,Peru,Loreto,Maynas,Probable and confirmed,8
2015-09-27,2015,9,2015,39,Peru,Loreto,Maynas,Probable and confirmed,10
2015-10-04,2015,10,2015,40,Peru,Loreto,Maynas,Probable and confirmed,6
2015-10-11,2015,10,2015,41,Peru,Loreto,Maynas,Probable and confirmed,9
2015-10-18,2015,10,2015,42,Peru,Loreto,Maynas,Probable and confirmed,8
2015-10-25,2015,10,2015,43,Peru,Loreto,Maynas,Probable and confirmed,5
2015-11-01,2015,11,2015,44,Peru,Loreto,Maynas,Probable and confirmed,9
2015-11-08,2015,11,2015,45,Peru,Loreto,Maynas,Probable and confirmed,19
2015-11-15,2015,11,2015,46,Peru,Loreto,Maynas,Probable and confirmed,17
2015-11-22,2015,11,2015,47,Peru,Loreto,Maynas,Probable and confirmed,3
2015-11-29,2015,11,2015,48,Peru,Loreto,Maynas,Probable and confirmed,7
2015-12-06,2015,12,2015,49,Peru,Loreto,Maynas,Probable and confirmed,11
2015-12-13,2015,12,2015,50,Peru,Loreto,Maynas,Probable and confirmed,9
2015-12-20,2015,12,2015,51,Peru,Loreto,Maynas,Probable and confirmed,11
2015-12-27,2015,12,2015,52,Peru,Loreto,Maynas,Probable and confirmed,8
2016-01-03,2016,1,2015,53,Peru,Loreto,Maynas,Probable and confirmed,12
2016-01-10,2016,1,2016,1,Peru,Loreto,Maynas,Probable and confirmed,14
2016-01-17,2016,1,2016,2,Peru,Loreto,Maynas,Probable and confirmed,6
2016-01-24,2016,1,2016,3,Peru,Loreto,Maynas,Probable and confirmed,20
2016-01-31,2016,1,2016,4,Peru,Loreto,Maynas,Probable and confirmed,32
2016-02-07,2016,2,2016,5,Peru,Loreto,Maynas,Probable and confirmed,35
2016-02-14,2016,2,2016,6,Peru,Loreto,Maynas,Probable and confirmed,31
2016-02-21,2016,2,2016,7,Peru,Loreto,Maynas,Probable and confirmed,22
2016-02-28,2016,2,2016,8,Peru,Loreto,Maynas,Probable and confirmed,52
2016-03-06,2016,3,2016,9,Peru,Loreto,Maynas,Probable and confirmed,75
2016-03-13,2016,3,2016,10,Peru,Loreto,Maynas,Probable and confirmed,70
2016-03-20,2016,3,2016,11,Peru,Loreto,Maynas,Probable and confirmed,43
2016-03-27,2016,3,2016,12,Peru,Loreto,Maynas,Probable and confirmed,49
2016-04-03,2016,4,2016,13,Peru,Loreto,Maynas,Probable and confirmed,53
2016-04-10,2016,4,2016,14,Peru,Loreto,Maynas,Probable and confirmed,59
2016-04-17,2016,4,2016,15,Peru,Loreto,Maynas,Probable and confirmed,33
2016-04-24,2016,4,2016,16,Peru,Loreto,Maynas,Probable and confirmed,50
2016-05-01,2016,5,2016,17,Peru,Loreto,Maynas,Probable and confirmed,43
2016-05-08,2016,5,2016,18,Peru,Loreto,Maynas,Probable and confirmed,27
2016-05-15,2016,5,2016,19,Peru,Loreto,Maynas,Probable and confirmed,50
2016-05-22,2016,5,2016,20,Peru,Loreto,Maynas,Probable and confirmed,20
2016-05-29,2016,5,2016,21,Peru,Loreto,Maynas,Probable and confirmed,24
2016-06-05,2016,6,2016,22,Peru,Loreto,Maynas,Probable and confirmed,13
2016-06-12,2016,6,2016,23,Peru,Loreto,Maynas,Probable and confirmed,16
2016-06-19,2016,6,2016,24,Peru,Loreto,Maynas,Probable and confirmed,15
2016-06-26,2016,6,2016,25,Peru,Loreto,Maynas,Probable and confirmed,24
2016-07-03,2016,7,2016,26,Peru,Loreto,Maynas,Probable and confirmed,23
2016-07-10,2016,7,2016,27,Peru,Loreto,Maynas,Probable and confirmed,20
2016-07-17,2016,7,2016,28,Peru,Loreto,Maynas,Probable and confirmed,12
2016-07-24,2016,7,2016,29,Peru,Loreto,Maynas,Probable and confirmed,9
2016-07-31,2016,7,2016,30,Peru,Loreto,Maynas,Probable and confirmed,8
2016-08-07,2016,8,2016,31,Peru,Loreto,Maynas,Probable and confirmed,22
2016-08-14,2016,8,2016,32,Peru,Loreto,Maynas,Probable and confirmed,11
2016-08-21,2016,8,2016,33,Peru,Loreto,Maynas,Probable and confirmed,11
2016-08-28,2016,8,2016,34,Peru,Loreto,Maynas,Probable and confirmed,8
2016-09-04,2016,9,2016,35,Peru,Loreto,Maynas,Probable and confirmed,6
2016-09-11,2016,9,2016,36,Peru,Loreto,Maynas,Probable and confirmed,14
2016-09-18,2016,9,2016,37,Peru,Loreto,Maynas,Probable and confirmed,11
2016-09-25,2016,9,2016,38,Peru,Loreto,Maynas,Probable and confirmed,16
2016-10-02,2016,10,2016,39,Peru,Loreto,Maynas,Probable and confirmed,19
2016-10-09,2016,10,2016,40,Peru,Loreto,Maynas,Probable and confirmed,23
2016-10-16,2016,10,2016,41,Peru,Loreto,Maynas,Probable and confirmed,38
2016-10-23,2016,10,2016,42,Peru,Loreto,Maynas,Probable and confirmed,22
2016-10-30,2016,10,2016,43,Peru,Loreto,Maynas,Probable and confirmed,71
2016-11-06,2016,11,2016,44,Peru,Loreto,Maynas,Probable and confirmed,87
2016-11-13,2016,11,2016,45,Peru,Loreto,Maynas,Probable and confirmed,46
2016-11-20,2016,11,2016,46,Peru,Loreto,Maynas,Probable and confirmed,24
2016-11-27,2016,11,2016,47,Peru,Loreto,Maynas,Probable and confirmed,14
2016-12-04,2016,12,2016,48,Peru,Loreto,Maynas,Probable and confirmed,19
2016-12-11,2016,12,2016,49,Peru,Loreto,Maynas,Probable and confirmed,6
2016-12-18,2016,12,2016,50,Peru,Loreto,Maynas,Probable and confirmed,27
2016-12-25,2016,12,2016,51,Peru,Loreto,Maynas,Probable and confirmed,16
2017-01-01,2017,1,2016,52,Peru,Loreto,Maynas,Probable and confirmed,17
2017-01-08,2017,1,2017,1,Peru,Loreto,Maynas,Probable and confirmed,24
2017-01-15,2017,1,2017,2,Peru,Loreto,Maynas,Probable and confirmed,20
2017-01-22,2017,1,2017,3,Peru,Loreto,Maynas,Probable and confirmed,20
2017-01-29,2017,1,2017,4,Peru,Loreto,Maynas,Probable and confirmed,17
2017-02-05,2017,2,2017,5,Peru,Loreto,Maynas,Probable and confirmed,18
2017-02-12,2017,2,2017,6,Peru,Loreto,Maynas,Probable and confirmed,18
2017-02-19,2017,2,2017,7,Peru,Loreto,Maynas,Probable and confirmed,10
2017-02-26,2017,2,2017,8,Peru,Loreto,Maynas,Probable and confirmed,3
2017-03-05,2017,3,2017,9,Peru,Loreto,Maynas,Probable and confirmed,6
2017-03-12,2017,3,2017,10,Peru,Loreto,Maynas,Probable and confirmed,7
2017-03-19,2017,3,2017,11,Peru,Loreto,Maynas,Probable and confirmed,6
2017-03-26,2017,3,2017,12,Peru,Loreto,Maynas,Probable and confirmed,6
2017-04-02,2017,4,2017,13,Peru,Loreto,Maynas,Probable and confirmed,8
2017-04-09,2017,4,2017,14,Peru,Loreto,Maynas,Probable and confirmed,1
2017-04-16,2017,4,2017,15,Peru,Loreto,Maynas,Probable and confirmed,8
2017-04-23,2017,4,2017,16,Peru,Loreto,Maynas,Probable and confirmed,5
2017-04-30,2017,4,2017,17,Peru,Loreto,Maynas,Probable and confirmed,8
2017-05-07,2017,5,2017,18,Peru,Loreto,Maynas,Probable and confirmed,13
2017-05-14,2017,5,2017,19,Peru,Loreto,Maynas,Probable and confirmed,12
2017-05-21,2017,5,2017,20,Peru,Loreto,Maynas,Probable and confirmed,4
2017-05-28,2017,5,2017,21,Peru,Loreto,Maynas,Probable and confirmed,7
2017-06-04,2017,6,2017,22,Peru,Loreto,Maynas,Probable and confirmed,7
2017-06-11,2017,6,2017,23,Peru,Loreto,Maynas,Probable and confirmed,10
2017-06-18,2017,6,2017,24,Peru,Loreto,Maynas,Probable and confirmed,4
2017-06-25,2017,6,2017,25,Peru,Loreto,Maynas,Probable and confirmed,4
2017-07-02,2017,7,2017,26,Peru,Loreto,Maynas,Probable and confirmed,5
2017-07-09,2017,7,2017,27,Peru,Loreto,Maynas,Probable and confirmed,5
2017-07-16,2017,7,2017,28,Peru,Loreto,Maynas,Probable and confirmed,7
2017-07-23,2017,7,2017,29,Peru,Loreto,Maynas,Probable and confirmed,4
2017-07-30,2017,7,2017,30,Peru,Loreto,Maynas,Probable and confirmed,6
2017-08-06,2017,8,2017,31,Peru,Loreto,Maynas,Probable and confirmed,1
2017-08-13,2017,8,2017,32,Peru,Loreto,Maynas,Probable and confirmed,3
2017-08-20,2017,8,2017,33,Peru,Loreto,Maynas,Probable and confirmed,8
2017-08-27,2017,8,2017,34,Peru,Loreto,Maynas,Probable and confirmed,5
2017-09-03,2017,9,2017,35,Peru,Loreto,Maynas,Probable and confirmed,4
2017-09-10,2017,9,2017,36,Peru,Loreto,Maynas,Probable and confirmed,13
2017-09-17,2017,9,2017,37,Peru,Loreto,Maynas,Probable and confirmed,9
2017-09-24,2017,9,2017,38,Peru,Loreto,Maynas,Probable and confirmed,12
2017-10-01,2017,10,2017,39,Peru,Loreto,Maynas,Probable and confirmed,6
2017-10-08,2017,10,2017,40,Peru,Loreto,Maynas,Probable and confirmed,4
2017-10-15,2017,10,2017,41,Peru,Loreto,Maynas,Probable and confirmed,6
2017-10-22,2017,10,2017,42,Peru,Loreto,Maynas,Probable and confirmed,12
2017-10-29,2017,10,2017,43,Peru,Loreto,Maynas,Probable and confirmed,20
2017-11-05,2017,11,2017,44,Peru,Loreto,Maynas,Probable and confirmed,63
2017-11-12,2017,11,2017,45,Peru,Loreto,Maynas,Probable and confirmed,76
2017-11-19,2017,11,2017,46,Peru,Loreto,Maynas,Probable and confirmed,49
2017-11-26,2017,11,2017,47,Peru,Loreto,Maynas,Probable and confirmed,71
2017-12-03,2017,12,2017,48,Peru,Loreto,Maynas,Probable and confirmed,58
2017-12-10,2017,12,2017,49,Peru,Loreto,Maynas,Probable and confirmed,41
2017-12-17,2017,12,2017,50,Peru,Loreto,Maynas,Probable and confirmed,30
2017-12-24,2017,12,2017,51,Peru,Loreto,Maynas,Probable and confirmed,22
2017-12-31,2017,12,2017,52,Peru,Loreto,Maynas,Probable and confirmed,21
2018-01-07,2018,1,2018,1,Peru,Loreto,Maynas,Probable and confirmed,13
2018-01-14,2018,1,2018,2,Peru,Loreto,Maynas,Probable and confirmed,17
2018-01-21,2018,1,2018,3,Peru,Loreto,Maynas,Probable and confirmed,15
2018-01-28,2018,1,2018,4,Peru,Loreto,Maynas,Probable and confirmed,23
2018-02-04,2018,2,2018,5,Peru,Loreto,Maynas,Probable and confirmed,29
2018-02-11,2018,2,2018,6,Peru,Loreto,Maynas,Probable and confirmed,28
2018-02-18,2018,2,2018,7,Peru,Loreto,Maynas,Probable and confirmed,23
2018-02-25,2018,2,2018,8,Peru,Loreto,Maynas,Probable and confirmed,22
2018-03-04,2018,3,2018,9,Peru,Loreto,Maynas,Probable and confirmed,26
2018-03-11,2018,3,2018,10,Peru,Loreto,Maynas,Probable and confirmed,26
2018-03-18,2018,3,2018,11,Peru,Loreto,Maynas,Probable and confirmed,28
2018-03-25,2018,3,2018,12,Peru,Loreto,Maynas,Probable and confirmed,30
2018-04-01,2018,4,2018,13,Peru,Loreto,Maynas,Probable and confirmed,32
2018-04-08,2018,4,2018,14,Peru,Loreto,Maynas,Probable and confirmed,37
2018-04-15,2018,4,2018,15,Peru,Loreto,Maynas,Probable and confirmed,33
2018-04-22,2018,4,2018,16,Peru,Loreto,Maynas,Probable and confirmed,37
2018-04-29,2018,4,2018,17,Peru,Loreto,Maynas,Probable and confirmed,46
2018-05-06,2018,5,2018,18,Peru,Loreto,Maynas,Probable and confirmed,43
2018-05-13,2018,5,2018,19,Peru,Loreto,Maynas,Probable and confirmed,27
2018-05-20,2018,5,2018,20,Peru,Loreto,Maynas,Probable and confirmed,21
2018-05-27,2018,5,2018,21,Peru,Loreto,Maynas,Probable and confirmed,16
2018-06-03,2018,6,2018,22,Peru,Loreto,Maynas,Probable and confirmed,22
2018-06-10,2018,6,2018,23,Peru,Loreto,Maynas,Probable and confirmed,21
2018-06-17,2018,6,2018,24,Peru,Loreto,Maynas,Probable and confirmed,14
2018-06-24,2018,6,2018,25,Peru,Loreto,Maynas,Probable and confirmed,24
2018-07-01,2018,7,2018,26,Peru,Loreto,Maynas,Probable and confirmed,12
2018-07-08,2018,7,2018,27,Peru,Loreto,Maynas,Probable and confirmed,12
2018-07-15,2018,7,2018,28,Peru,Loreto,Maynas,Probable and confirmed,10
2018-07-22,2018,7,2018,29,Peru,Loreto,Maynas,Probable and confirmed,8
2018-07-29,2018,7,2018,30,Peru,Loreto,Maynas,Probable and confirmed,10
2018-08-05,2018,8,2018,31,Peru,Loreto,Maynas,Probable and confirmed,10
2018-08-12,2018,8,2018,32,Peru,Loreto,Maynas,Probable and confirmed,3
2018-08-19,2018,8,2018,33,Peru,Loreto,Maynas,Probable and confirmed,4
2018-08-26,2018,8,2018,34,Peru,Loreto,Maynas,Probable and confirmed,7
2018-09-02,2018,9,2018,35,Peru,Loreto,Maynas,Probable and confirmed,7
2018-09-09,2018,9,2018,36,Peru,Loreto,Maynas,Probable and confirmed,2
2018-09-16,2018,9,2018,37,Peru,Loreto,Maynas,Probable and confirmed,3
2018-09-23,2018,9,2018,38,Peru,Loreto,Maynas,Probable and confirmed,3
2018-09-30,2018,9,2018,39,Peru,Loreto,Maynas,Probable and confirmed,7
2018-10-07,2018,10,2018,40,Peru,Loreto,Maynas,Probable and confirmed,9
2018-10-14,2018,10,2018,41,Peru,Loreto,Maynas,Probable and confirmed,14
2018-10-21,2018,10,2018,42,Peru,Loreto,Maynas,Probable and confirmed,8
2018-10-28,2018,10,2018,43,Peru,Loreto,Maynas,Probable and confirmed,8
2018-11-04,2018,11,2018,44,Peru,Loreto,Maynas,Probable and confirmed,6
2018-11-11,2018,11,2018,45,Peru,Loreto,Maynas,Probable and confirmed,5
2018-11-18,2018,11,2018,46,Peru,Loreto,Maynas,Probable and confirmed,4
2018-11-25,2018,11,2018,47,Peru,Loreto,Maynas,Probable and confirmed,11
2018-12-02,2018,12,2018,48,Peru,Loreto,Maynas,Probable and confirmed,7
2018-12-09,2018,12,2018,49,Peru,Loreto,Maynas,Probable and confirmed,7
2018-12-16,2018,12,2018,50,Peru,Loreto,Maynas,Probable and confirmed,3
2018-12-23,2018,12,2018,51,Peru,Loreto,Maynas,Probable and confirmed,11
2018-12-30,2018,12,2018,52,Peru,Loreto,Maynas,Probable and confirmed,12
2019-01-06,2019,1,2019,1,Peru,Loreto,Maynas,Probable and confirmed,24
2019-01-13,2019,1,2019,2,Peru,Loreto,Maynas,Probable and confirmed,14
2019-01-20,2019,1,2019,3,Peru,Loreto,Maynas,Probable and confirmed,20
2019-01-27,2019,1,2019,4,Peru,Loreto,Maynas,Probable and confirmed,27
2019-02-03,2019,2,2019,5,Peru,Loreto,Maynas,Probable and confirmed,16
2019-02-10,2019,2,2019,6,Peru,Loreto,Maynas,Probable and confirmed,11
2019-02-17,2019,2,2019,7,Peru,Loreto,Maynas,Probable and confirmed,18
2019-02-24,2019,2,2019,8,Peru,Loreto,Maynas,Probable and confirmed,13
2019-03-03,2019,3,2019,9,Peru,Loreto,Maynas,Probable and confirmed,38
2019-03-10,2019,3,2019,10,Peru,Loreto,Maynas,Probable and confirmed,29
2019-03-17,2019,3,2019,11,Peru,Loreto,Maynas,Probable and confirmed,28
2019-03-24,2019,3,2019,12,Peru,Loreto,Maynas,Probable and confirmed,27
2019-03-31,2019,3,2019,13,Peru,Loreto,Maynas,Probable and confirmed,20
2019-04-07,2019,4,2019,14,Peru,Loreto,Maynas,Probable and confirmed,19
2019-04-14,2019,4,2019,15,Peru,Loreto,Maynas,Probable and confirmed,11
2019-04-21,2019,4,2019,16,Peru,Loreto,Maynas,Probable and confirmed,12
2019-04-28,2019,4,2019,17,Peru,Loreto,Maynas,Probable and confirmed,15
2019-05-05,2019,5,2019,18,Peru,Loreto,Maynas,Probable and confirmed,8
2019-05-12,2019,5,2019,19,Peru,Loreto,Maynas,Probable and confirmed,8
2019-05-19,2019,5,2019,20,Peru,Loreto,Maynas,Probable and confirmed,10
2019-05-26,2019,5,2019,21,Peru,Loreto,Maynas,Probable and confirmed,13
2019-06-02,2019,6,2019,22,Peru,Loreto,Maynas,Probable and confirmed,4
2019-06-09,2019,6,2019,23,Peru,Loreto,Maynas,Probable and confirmed,6
2019-06-16,2019,6,2019,24,Peru,Loreto,Maynas,Probable and confirmed,6
2019-06-23,2019,6,2019,25,Peru,Loreto,Maynas,Probable and confirmed,6
2019-06-30,2019,6,2019,26,Peru,Loreto,Maynas,Probable and confirmed,3
2019-07-07,2019,7,2019,27,Peru,Loreto,Maynas,Probable and confirmed,5
2019-07-14,2019,7,2019,28,Peru,Loreto,Maynas,Probable and confirmed,3
2019-07-21,2019,7,2019,29,Peru,Loreto,Maynas,Probable and confirmed,9
2019-07-28,2019,7,2019,30,Peru,Loreto,Maynas,Probable and confirmed,14
2019-08-04,2019,8,2019,31,Peru,Loreto,Maynas,Probable and confirmed,5
2019-08-11,2019,8,2019,32,Peru,Loreto,Maynas,Probable and confirmed,4
2019-08-18,2019,8,2019,33,Peru,Loreto,Maynas,Probable and confirmed,6
2019-08-25,2019,8,2019,34,Peru,Loreto,Maynas,Probable and confirmed,3
2019-09-01,2019,9,2019,35,Peru,Loreto,Maynas,Probable and confirmed,6
2019-09-08,2019,9,2019,36,Peru,Loreto,Maynas,Probable and confirmed,1
2019-09-15,2019,9,2019,37,Peru,Loreto,Maynas,Probable and confirmed,2
2019-09-22,2019,9,2019,38,Peru,Loreto,Maynas,Probable and confirmed,5
2019-09-29,2019,9,2019,39,Peru,Loreto,Maynas,Probable and confirmed,5
2019-10-06,2019,10,2019,40,Peru,Loreto,Maynas,Probable and confirmed,4
2019-10-13,2019,10,2019,41,Peru,Loreto,Maynas,Probable and confirmed,9
2019-10-20,2019,10,2019,42,Peru,Loreto,Maynas,Probable and confirmed,11
2019-10-27,2019,10,2019,43,Peru,Loreto,Maynas,Probable and confirmed,4
2019-11-03,2019,11,2019,44,Peru,Loreto,Maynas,Probable and confirmed,8
2019-11-10,2019,11,2019,45,Peru,Loreto,Maynas,Probable and confirmed,35
2019-11-17,2019,11,2019,46,Peru,Loreto,Maynas,Probable and confirmed,60
2019-11-24,2019,11,2019,47,Peru,Loreto,Maynas,Probable and confirmed,62
2019-12-01,2019,12,2019,48,Peru,Loreto,Maynas,Probable and confirmed,99
2019-12-08,2019,12,2019,49,Peru,Loreto,Maynas,Probable and confirmed,95
2019-12-15,2019,12,2019,50,Peru,Loreto,Maynas,Probable and confirmed,119
2019-12-22,2019,12,2019,51,Peru,Loreto,Maynas,Probable and confirmed,139
2019-12-29,2019,12,2019,52,Peru,Loreto,Maynas,Probable and confirmed,147
2020-01-05,2020,1,2020,1,Peru,Loreto,Maynas,Probable and confirmed,227
2020-01-12,2020,1,2020,2,Peru,Loreto,Maynas,Probable and confirmed,298
2020-01-19,2020,1,2020,3,Peru,Loreto,Maynas,Probable and confirmed,299
2020-01-26,2020,1,2020,4,Peru,Loreto,Maynas,Probable and confirmed,293
2020-02-02,2020,2,2020,5,Peru,Loreto,Maynas,Probable and confirmed,266
2020-02-09,2020,2,2020,6,Peru,Loreto,Maynas,Probable and confirmed,272
2020-02-16,2020,2,2020,7,Peru,Loreto,Maynas,Probable and confirmed,301
2020-02-23,2020,2,2020,8,Peru,Loreto,Maynas,Probable and confirmed,267
2020-03-01,2020,3,2020,9,Peru,Loreto,Maynas,Probable and confirmed,421
2020-03-08,2020,3,2020,10,Peru,Loreto,Maynas,Probable and confirmed,206
2020-03-15,2020,3,2020,11,Peru,Loreto,Maynas,Probable and confirmed,189
2020-03-22,2020,3,2020,12,Peru,Loreto,Maynas,Probable and confirmed,101
2020-03-29,2020,3,2020,13,Peru,Loreto,Maynas,Probable and confirmed,30
2020-04-05,2020,4,2020,14,Peru,Loreto,Maynas,Probable and confirmed,25
2020-04-12,2020,4,2020,15,Peru,Loreto,Maynas,Probable and confirmed,31
2020-04-19,2020,4,2020,16,Peru,Loreto,Maynas,Probable and confirmed,23
2020-04-26,2020,4,2020,17,Peru,Loreto,Maynas,Probable and confirmed,12
2020-05-03,2020,5,2020,18,Peru,Loreto,Maynas,Probable and confirmed,6
2020-05-10,2020,5,2020,19,Peru,Loreto,Maynas,Probable and confirmed,3
2020-05-17,2020,5,2020,20,Peru,Loreto,Maynas,Probable and confirmed,11
2020-05-24,2020,5,2020,21,Peru,Loreto,Maynas,Probable and confirmed,5
2020-05-31,2020,5,2020,22,Peru,Loreto,Maynas,Probable and confirmed,13
2020-06-07,2020,6,2020,23,Peru,Loreto,Maynas,Probable and confirmed,16
2020-06-14,2020,6,2020,24,Peru,Loreto,Maynas,Probable and confirmed,19
2020-06-21,2020,6,2020,25,Peru,Loreto,Maynas,Probable and confirmed,22
2020-06-28,2020,6,2020,26,Peru,Loreto,Maynas,Probable and confirmed,24
2020-07-05,2020,7,2020,27,Peru,Loreto,Maynas,Probable and confirmed,12
2020-07-12,2020,7,2020,28,Peru,Loreto,Maynas,Probable and confirmed,30
2020-07-19,2020,7,2020,29,Peru,Loreto,Maynas,Probable and confirmed,36
2020-07-26,2020,7,2020,30,Peru,Loreto,Maynas,Probable and confirmed,44
2020-08-02,2020,8,2020,31,Peru,Loreto,Maynas,Probable and confirmed,27
2020-08-09,2020,8,2020,32,Peru,Loreto,Maynas,Probable and confirmed,31
2020-08-16,2020,8,2020,33,Peru,Loreto,Maynas,Probable and confirmed,32
2020-08-23,2020,8,2020,34,Peru,Loreto,Maynas,Probable and confirmed,28
2020-08-30,2020,8,2020,35,Peru,Loreto,Maynas,Probable and confirmed,44
2020-09-06,2020,9,2020,36,Peru,Loreto,Maynas,Probable and confirmed,66
2020-09-13,2020,9,2020,37,Peru,Loreto,Maynas,Probable and confirmed,65
2020-09-20,2020,9,2020,38,Peru,Loreto,Maynas,Probable and confirmed,54
2020-09-27,2020,9,2020,39,Peru,Loreto,Maynas,Probable and confirmed,78
2020-10-04,2020,10,2020,40,Peru,Loreto,Maynas,Probable and confirmed,94
2020-10-11,2020,10,2020,41,Peru,Loreto,Maynas,Probable and confirmed,91
2020-10-18,2020,10,2020,42,Peru,Loreto,Maynas,Probable and confirmed,80
2020-10-25,2020,10,2020,43,Peru,Loreto,Maynas,Probable and confirmed,76
2020-11-01,2020,11,2020,44,Peru,Loreto,Maynas,Probable and confirmed,103
2020-11-08,2020,11,2020,45,Peru,Loreto,Maynas,Probable and confirmed,82
2020-11-15,2020,11,2020,46,Peru,Loreto,Maynas,Probable and confirmed,81
2020-11-22,2020,11,2020,47,Peru,Loreto,Maynas,Probable and confirmed,56
2020-11-29,2020,11,2020,48,Peru,Loreto,Maynas,Probable and confirmed,51
2020-12-06,2020,12,2020,49,Peru,Loreto,Maynas,Probable and confirmed,76
2020-12-13,2020,12,2020,50,Peru,Loreto,Maynas,Probable and confirmed,57
2020-12-20,2020,12,2020,51,Peru,Loreto,Maynas,Probable and confirmed,44
2020-12-27,2020,12,2020,52,Peru,Loreto,Maynas,Probable and confirmed,35
2021-01-03,2021,1,2020,53,Peru,Loreto,Maynas,Probable and confirmed,53
2021-01-10,2021,1,2021,1,Peru,Loreto,Maynas,Probable and confirmed,64
2021-01-17,2021,1,2021,2,Peru,Loreto,Maynas,Probable and confirmed,85
2021-01-24,2021,1,2021,3,Peru,Loreto,Maynas,Probable and confirmed,52
2021-01-31,2021,1,2021,4,Peru,Loreto,Maynas,Probable and confirmed,21
2021-02-07,2021,2,2021,5,Peru,Loreto,Maynas,Probable and confirmed,22
2021-02-14,2021,2,2021,6,Peru,Loreto,Maynas,Probable and confirmed,13
2021-02-21,2021,2,2021,7,Peru,Loreto,Maynas,Probable and confirmed,13
2021-02-28,2021,2,2021,8,Peru,Loreto,Maynas,Probable and confirmed,14
2021-03-07,2021,3,2021,9,Peru,Loreto,Maynas,Probable and confirmed,14
2021-03-14,2021,3,2021,10,Peru,Loreto,Maynas,Probable and confirmed,16
2021-03-21,2021,3,2021,11,Peru,Loreto,Maynas,Probable and confirmed,11
2021-03-28,2021,3,2021,12,Peru,Loreto,Maynas,Probable and confirmed,5
2021-04-04,2021,4,2021,13,Peru,Loreto,Maynas,Probable and confirmed,8
2021-04-11,2021,4,2021,14,Peru,Loreto,Maynas,Probable and confirmed,12
2021-04-18,2021,4,2021,15,Peru,Loreto,Maynas,Probable and confirmed,8
2021-04-25,2021,4,2021,16,Peru,Loreto,Maynas,Probable and confirmed,7
2021-05-02,2021,5,2021,17,Peru,Loreto,Maynas,Probable and confirmed,10
2021-05-09,2021,5,2021,18,Peru,Loreto,Maynas,Probable and confirmed,11
2021-05-16,2021,5,2021,19,Peru,Loreto,Maynas,Probable and confirmed,8
2021-05-23,2021,5,2021,20,Peru,Loreto,Maynas,Probable and confirmed,6
2021-05-30,2021,5,2021,21,Peru,Loreto,Maynas,Probable and confirmed,7
2021-06-06,2021,6,2021,22,Peru,Loreto,Maynas,Probable and confirmed,6
2021-06-13,2021,6,2021,23,Peru,Loreto,Maynas,Probable and confirmed,6
2021-06-20,2021,6,2021,24,Peru,Loreto,Maynas,Probable and confirmed,4
2021-06-27,2021,6,2021,25,Peru,Loreto,Maynas,Probable and confirmed,6
2021-07-04,2021,7,2021,26,Peru,Loreto,Maynas,Probable and confirmed,1
2021-07-11,2021,7,2021,27,Peru,Loreto,Maynas,Probable and confirmed,4
2021-07-18,2021,7,2021,28,Peru,Loreto,Maynas,Probable and confirmed,2
2021-07-25,2021,7,2021,29,Peru,Loreto,Maynas,Probable and confirmed,1
2021-08-01,2021,8,2021,30,Peru,Loreto,Maynas,Probable and confirmed,6
2021-08-08,2021,8,2021,31,Peru,Loreto,Maynas,Probable and confirmed,6
2021-08-15,2021,8,2021,32,Peru,Loreto,Maynas,Probable and confirmed,7
2021-08-22,2021,8,2021,33,Peru,Loreto,Maynas,Probable and confirmed,4
2021-08-29,2021,8,2021,34,Peru,Loreto,Maynas,Probable and confirmed,6
2021-09-05,2021,9,2021,35,Peru,Loreto,Maynas,Probable and confirmed,6
2021-09-12,2021,9,2021,36,Peru,Loreto,Maynas,Probable and confirmed,5
2021-09-19,2021,9,2021,37,Peru,Loreto,Maynas,Probable and confirmed,8
2021-09-26,2021,9,2021,38,Peru,Loreto,Maynas,Probable and confirmed,4
2021-10-03,2021,10,2021,39,Peru,Loreto,Maynas,Probable and confirmed,7
2021-10-10,2021,10,2021,40,Peru,Loreto,Maynas,Probable and confirmed,5
2021-10-17,2021,10,2021,41,Peru,Loreto,Maynas,Probable and confirmed,19
2021-10-24,2021,10,2021,42,Peru,Loreto,Maynas,Probable and confirmed,10
2021-10-31,2021,10,2021,43,Peru,Loreto,Maynas,Probable and confirmed,11
2021-11-07,2021,11,2021,44,Peru,Loreto,Maynas,Probable and confirmed,9
2021-11-14,2021,11,2021,45,Peru,Loreto,Maynas,Probable and confirmed,24
2021-11-21,2021,11,2021,46,Peru,Loreto,Maynas,Probable and confirmed,16
2021-11-28,2021,11,2021,47,Peru,Loreto,Maynas,Probable and confirmed,28
2021-12-05,2021,12,2021,48,Peru,Loreto,Maynas,Probable and confirmed,21
2021-12-12,2021,12,2021,49,Peru,Loreto,Maynas,Probable and confirmed,13
2021-12-19,2021,12,2021,50,Peru,Loreto,Maynas,Probable and confirmed,6
2021-12-26,2021,12,2021,51,Peru,Loreto,Maynas,Probable and confirmed,11
2022-01-02,2022,1,2021,52,Peru,Loreto,Maynas,Probable and confirmed,22
2022-01-09,2022,1,2022,1,Peru,Loreto,Maynas,Probable and confirmed,27
2022-01-16,2022,1,2022,2,Peru,Loreto,Maynas,Probable and confirmed,18
2022-01-23,2022,1,2022,3,Peru,Loreto,Maynas,Probable and confirmed,29
2022-01-30,2022,1,2022,4,Peru,Loreto,Maynas,Probable and confirmed,54
2022-02-06,2022,2,2022,5,Peru,Loreto,Maynas,Probable and confirmed,46
2022-02-13,2022,2,2022,6,Peru,Loreto,Maynas,Probable and confirmed,87
2022-02-20,2022,2,2022,7,Peru,Loreto,Maynas,Probable and confirmed,74
2022-02-27,2022,2,2022,8,Peru,Loreto,Maynas,Probable and confirmed,77
2022-03-06,2022,3,2022,9,Peru,Loreto,Maynas,Probable and confirmed,125
2022-03-13,2022,3,2022,10,Peru,Loreto,Maynas,Probable and confirmed,151
2022-03-20,2022,3,2022,11,Peru,Loreto,Maynas,Probable and confirmed,173
2022-03-27,2022,3,2022,12,Peru,Loreto,Maynas,Probable and confirmed,184
2022-04-03,2022,4,2022,13,Peru,Loreto,Maynas,Probable and confirmed,200
2022-04-10,2022,4,2022,14,Peru,Loreto,Maynas,Probable and confirmed,243
2022-04-17,2022,4,2022,15,Peru,Loreto,Maynas,Probable and confirmed,362
2022-04-24,2022,4,2022,16,Peru,Loreto,Maynas,Probable and confirmed,231
2022-05-01,2022,5,2022,17,Peru,Loreto,Maynas,Probable and confirmed,251
2022-05-08,2022,5,2022,18,Peru,Loreto,Maynas,Probable and confirmed,212
2022-05-15,2022,5,2022,19,Peru,Loreto,Maynas,Probable and confirmed,81
2022-05-22,2022,5,2022,20,Peru,Loreto,Maynas,Probable and confirmed,48
2022-05-29,2022,5,2022,21,Peru,Loreto,Maynas,Probable and confirmed,79
2022-06-05,2022,6,2022,22,Peru,Loreto,Maynas,Probable and confirmed,60
2022-06-12,2022,6,2022,23,Peru,Loreto,Maynas,Probable and confirmed,47
2022-06-19,2022,6,2022,24,Peru,Loreto,Maynas,Probable and confirmed,32
2022-06-26,2022,6,2022,25,Peru,Loreto,Maynas,Probable and confirmed,18
2022-07-03,2022,7,2022,26,Peru,Loreto,Maynas,Probable and confirmed,26
2022-07-10,2022,7,2022,27,Peru,Loreto,Maynas,Probable and confirmed,15
2022-07-17,2022,7,2022,28,Peru,Loreto,Maynas,Probable and confirmed,18
2022-07-24,2022,7,2022,29,Peru,Loreto,Maynas,Probable and confirmed,12
2022-07-31,2022,7,2022,30,Peru,Loreto,Maynas,Probable and confirmed,7
2022-08-07,2022,8,2022,31,Peru,Loreto,Maynas,Probable and confirmed,14
2022-08-14,2022,8,2022,32,Peru,Loreto,Maynas,Probable and confirmed,12
2022-08-21,2022,8,2022,33,Peru,Loreto,Maynas,Probable and confirmed,16
2022-08-28,2022,8,2022,34,Peru,Loreto,Maynas,Probable and confirmed,13
2022-09-04,2022,9,2022,35,Peru,Loreto,Maynas,Probable and confirmed,14
2022-09-11,2022,9,2022,36,Peru,Loreto,Maynas,Probable and confirmed,23
2022-09-18,2022,9,2022,37,Peru,Loreto,Maynas,Probable and confirmed,12
2022-09-25,2022,9,2022,38,Peru,Loreto,Maynas,Probable and confirmed,13
2022-10-02,2022,10,2022,39,Peru,Loreto,Maynas,Probable and confirmed,11
2022-10-09,2022,10,2022,40,Peru,Loreto,Maynas,Probable and confirmed,13
2022-10-16,2022,10,2022,41,Peru,Loreto,Maynas,Probable and confirmed,14
2022-10-23,2022,10,2022,42,Peru,Loreto,Maynas,Probable and confirmed,13
2022-10-30,2022,10,2022,43,Peru,Loreto,Maynas,Probable and confirmed,15
2022-11-06,2022,11,2022,44,Peru,Loreto,Maynas,Probable and confirmed,10
2022-11-13,2022,11,2022,45,Peru,Loreto,Maynas,Probable and confirmed,23
2022-11-20,2022,11,2022,46,Peru,Loreto,Maynas,Probable and confirmed,7
2022-11-27,2022,11,2022,47,Peru,Loreto,Maynas,Probable and confirmed,14
2022-12-04,2022,12,2022,48,Peru,Loreto,Maynas,Probable and confirmed,19
2022-12-11,2022,12,2022,49,Peru,Loreto,Maynas,Probable and confirmed,13
2022-12-18,2022,12,2022,50,Peru,Loreto,Maynas,Probable and confirmed,13
2022-12-25,2022,12,2022,51,Peru,Loreto,Maynas,Probable and confirmed,20
2023-01-01,2023,1,2022,52,Peru,Loreto,Maynas,Probable and confirmed,37
2023-01-08,2023,1,2023,1,Peru,Loreto,Maynas,Probable and confirmed,47
2023-01-15,2023,1,2023,2,Peru,Loreto,Maynas,Probable and confirmed,29
2023-01-22,2023,1,2023,3,Peru,Loreto,Maynas,Probable and confirmed,32
2023-01-29,2023,1,2023,4,Peru,Loreto,Maynas,Probable and confirmed,48
2023-02-05,2023,2,2023,5,Peru,Loreto,Maynas,Probable and confirmed,76
2023-02-12,2023,2,2023,6,Peru,Loreto,Maynas,Probable and confirmed,102
2023-02-19,2023,2,2023,7,Peru,Loreto,Maynas,Probable and confirmed,124
2023-02-26,2023,2,2023,8,Peru,Loreto,Maynas,Probable and confirmed,134
2023-03-05,2023,3,2023,9,Peru,Loreto,Maynas,Probable and confirmed,146
2023-03-12,2023,3,2023,10,Peru,Loreto,Maynas,Probable and confirmed,123
2023-03-19,2023,3,2023,11,Peru,Loreto,Maynas,Probable and confirmed,99
2023-03-26,2023,3,2023,12,Peru,Loreto,Maynas,Probable and confirmed,72
2023-04-02,2023,4,2023,13,Peru,Loreto,Maynas,Probable and confirmed,50
2023-04-09,2023,4,2023,14,Peru,Loreto,Maynas,Probable and confirmed,64
2023-04-16,2023,4,2023,15,Peru,Loreto,Maynas,Probable and confirmed,34
2023-04-23,2023,4,2023,16,Peru,Loreto,Maynas,Probable and confirmed,23
2023-04-30,2023,4,2023,17,Peru,Loreto,Maynas,Probable and confirmed,27
2023-05-07,2023,5,2023,18,Peru,Loreto,Maynas,Probable and confirmed,31
2023-05-14,2023,5,2023,19,Peru,Loreto,Maynas,Probable and confirmed,32
2023-05-21,2023,5,2023,20,Peru,Loreto,Maynas,Probable and confirmed,24
2023-05-28,2023,5,2023,21,Peru,Loreto,Maynas,Probable and confirmed,24
2023-06-04,2023,6,2023,22,Peru,Loreto,Maynas,Probable and confirmed,27
2023-06-11,2023,6,2023,23,Peru,Loreto,Maynas,Probable and confirmed,8
2023-06-18,2023,6,2023,24,Peru,Loreto,Maynas,Probable and confirmed,12
2023-06-25,2023,6,2023,25,Peru,Loreto,Maynas,Probable and confirmed,15
2023-07-02,2023,7,2023,26,Peru,Loreto,Maynas,Probable and confirmed,16
2023-07-09,2023,7,2023,27,Peru,Loreto,Maynas,Probable and confirmed,8
2023-07-16,2023,7,2023,28,Peru,Loreto,Maynas,Probable and confirmed,4
2023-07-23,2023,7,2023,29,Peru,Loreto,Maynas,Probable and confirmed,7
2023-07-30,2023,7,2023,30,Peru,Loreto,Maynas,Probable and confirmed,5
2023-08-06,2023,8,2023,31,Peru,Loreto,Maynas,Probable and confirmed,6
2023-08-13,2023,8,2023,32,Peru,Loreto,Maynas,Probable and confirmed,7
2023-08-20,2023,8,2023,33,Peru,Loreto,Maynas,Probable and confirmed,6
2023-08-27,2023,8,2023,34,Peru,Loreto,Maynas,Probable and confirmed,9
2023-09-03,2023,9,2023,35,Peru,Loreto,Maynas,Probable and confirmed,5
2023-09-10,2023,9,2023,36,Peru,Loreto,Maynas,Probable and confirmed,5
2023-09-17,2023,9,2023,37,Peru,Loreto,Maynas,Probable and confirmed,7
2023-09-24,2023,9,2023,38,Peru,Loreto,Maynas,Probable and confirmed,4
2023-10-01,2023,10,2023,39,Peru,Loreto,Maynas,Probable and confirmed,13
2023-10-08,2023,10,2023,40,Peru,Loreto,Maynas,Probable and confirmed,4
2023-10-15,2023,10,2023,41,Peru,Loreto,Maynas,Probable and confirmed,6
2023-10-22,2023,10,2023,42,Peru,Loreto,Maynas,Probable and confirmed,10
2023-10-29,2023,10,2023,43,Peru,Loreto,Maynas,Probable and confirmed,8
2023-11-05,2023,11,2023,44,Peru,Loreto,Maynas,Probable and confirmed,17
2023-11-12,2023,11,2023,45,Peru,Loreto,Maynas,Probable and confirmed,19
2023-11-19,2023,11,2023,46,Peru,Loreto,Maynas,Probable and confirmed,18
2023-11-26,2023,11,2023,47,Peru,Loreto,Maynas,Probable and confirmed,18
2023-12-03,2023,12,2023,48,Peru,Loreto,Maynas,Probable and confirmed,17
2023-12-10,2023,12,2023,49,Peru,Loreto,Maynas,Probable and confirmed,39
2023-12-17,2023,12,2023,50,Peru,Loreto,Maynas,Probable and confirmed,33
2023-12-24,2023,12,2023,51,Peru,Loreto,Maynas,Probable and confirmed,25
