date,year,month,day_of_year,ndvi_mean,ndvi_median,ndvi_std,ndvi_min,ndvi_max,valid_pixel_count,modis_image_id
2000-02-18,2000,2,49,0.8265190754802241,0.8397136757213707,0.08879694937339776,-0.1998,0.9992000000000001,242792,2000_02_18
2000-03-05,2000,3,65,0.786659966854691,0.8085639634823035,0.10383363817757288,-0.1917,0.9992000000000001,203230,2000_03_05
2000-03-21,2000,3,81,0.8001648845998617,0.8477001870029617,0.1415323433856781,-0.1998,0.9994000000000001,272118,2000_03_21
2000-04-06,2000,4,97,0.8022674003772962,0.8477222794725956,0.14925827938535335,-0.2,0.9994000000000001,427282,2000_04_06
2000-04-22,2000,4,113,0.7935674955812915,0.8399570297243613,0.13747477237677944,-0.2,0.9993000000000001,283167,2000_04_22
2000-05-08,2000,5,129,0.7867129621326676,0.8320925985386286,0.1526869905749145,-0.19970000000000002,0.9995,214771,2000_05_08
2000-05-24,2000,5,145,0.7895078588847585,0.839998746592977,0.1572307070509266,-0.2,0.9995,380949,2000_05_24
2000-06-09,2000,6,161,0.8006554128123746,0.839958127305853,0.13988053675595333,-0.2,0.9994000000000001,344529,2000_06_09
2000-06-25,2000,6,177,0.8217386094792561,0.8479619767991571,0.10014554708638379,-0.2,0.9993000000000001,909419,2000_06_25
2000-07-11,2000,7,193,0.7991402150182485,0.8402030208815806,0.12211574342924374,-0.2,0.9993000000000001,602572,2000_07_11
2000-07-27,2000,7,209,0.8152724943258564,0.8397755542049303,0.11144109534976859,-0.2,0.9993000000000001,825498,2000_07_27
2000-08-12,2000,8,225,0.7997143030546893,0.839946368533894,0.13792518545172444,-0.1998,0.9994000000000001,499546,2000_08_12
2000-08-28,2000,8,241,0.8203751862726087,0.8320874990691048,0.08626957514323254,-0.2,0.9979,1222202,2000_08_28
2000-09-13,2000,9,257,0.8164185261703245,0.8398366844596717,0.11204063954980437,-0.2,0.9993000000000001,720739,2000_09_13
2000-09-29,2000,9,273,0.823008795730251,0.8321090334456279,0.0893818995972442,-0.2,0.9994000000000001,1070697,2000_09_29
2000-10-15,2000,10,289,0.8229548388016283,0.8479338117989315,0.09671642451995746,-0.2,0.9994000000000001,904273,2000_10_15
2000-10-31,2000,10,305,0.8392048444117237,0.8633838306447805,0.11174370626432366,-0.2,0.9995,750312,2000_10_31
2000-11-16,2000,11,321,0.8259898321673864,0.8632156241894098,0.1259314572499673,-0.19970000000000002,0.9995,226606,2000_11_16
2000-12-02,2000,12,337,0.8353124269948246,0.8475853590714235,0.09887510616327644,-0.2,0.9991000000000001,1210378,2000_12_02
2000-12-18,2000,12,353,0.837521117795417,0.8711652336121739,0.12238109949556072,-0.2,0.9994000000000001,637203,2000_12_18
2001-01-01,2001,1,1,0.8292570280972313,0.8556915972675694,0.09828132962603942,-0.2,0.9995,702339,2001_01_01
2001-01-17,2001,1,17,0.8124750316436182,0.8241122287921728,0.0820738818433241,-0.2,0.9989,711307,2001_01_17
2001-02-02,2001,2,33,0.8307545243348898,0.831898330103375,0.08048591765364806,-0.1983,0.9991000000000001,764914,2001_02_02
2001-02-18,2001,2,49,0.8083216865271858,0.8322105976428552,0.11865234899454255,-0.1998,0.9995,449457,2001_02_18
2001-03-06,2001,3,65,0.795149858645346,0.8164584084271381,0.11168444161267216,-0.2,0.999,978258,2001_03_06
2001-03-22,2001,3,81,0.8122476752754421,0.8400340000923685,0.12965953547322012,-0.2,0.9992000000000001,553712,2001_03_22
2001-04-07,2001,4,97,0.8169888844403939,0.8399601640117902,0.1150229738066455,-0.2,0.9994000000000001,900824,2001_04_07
2001-04-23,2001,4,113,0.8408955807326706,0.8554244235368635,0.08746505008668498,-0.19970000000000002,0.9994000000000001,891109,2001_04_23
2001-05-09,2001,5,129,0.8019748168726271,0.8555505347501559,0.1571256512769036,-0.2,0.9995,374609,2001_05_09
2001-05-25,2001,5,145,0.826732360083991,0.8555155980636213,0.10405266494286487,-0.2,0.9994000000000001,902746,2001_05_25
2001-06-10,2001,6,161,0.7952246452279155,0.8553827931950869,0.18645744647877777,-0.2,0.9994000000000001,230789,2001_06_10
2001-06-26,2001,6,177,0.8140067205557912,0.8477014884813163,0.11326849264641518,-0.2,0.9993000000000001,696789,2001_06_26
2001-07-12,2001,7,193,0.8293301678158189,0.8477430258224405,0.09819904133222217,-0.2,0.9994000000000001,976877,2001_07_12
2001-07-28,2001,7,209,0.8406918899590518,0.8554633785912942,0.08532796965160255,-0.2,0.9993000000000001,1104895,2001_07_28
2001-08-13,2001,8,225,0.8307573646110238,0.847633209914435,0.09541764169958518,-0.2,0.9988,1197677,2001_08_13
2001-08-29,2001,8,241,0.8507263957714777,0.8710903623293151,0.09007303603840315,-0.2,0.999,1208780,2001_08_29
2001-09-14,2001,9,257,0.8348524406056231,0.8476908603686387,0.09224551389612318,-0.19970000000000002,0.9994000000000001,1098939,2001_09_14
2001-09-30,2001,9,273,0.8307376858113044,0.8398051550349227,0.09035836636323333,-0.2,0.9992000000000001,1210940,2001_09_30
2001-10-16,2001,10,289,0.8396674372785307,0.8710295885057088,0.1163767243629028,-0.2,0.9994000000000001,617042,2001_10_16
2001-11-01,2001,11,305,0.8423076027610392,0.8631145518465076,0.09466406591856599,-0.2,0.9994000000000001,1062844,2001_11_01
2001-11-17,2001,11,321,0.8390126787540092,0.855470903557307,0.106500459459741,-0.2,0.9995,719582,2001_11_17
2001-12-03,2001,12,337,0.8374605967584577,0.8790522268675784,0.13337408880599955,-0.1996,0.9995,218742,2001_12_03
2001-12-19,2001,12,353,0.8415183321963403,0.8632954112436813,0.09791132536417596,-0.2,0.9995,702614,2001_12_19
2002-01-01,2002,1,1,0.8525444521468154,0.8712204496637078,0.09778082631334503,-0.2,0.9995,1211509,2002_01_01
2002-01-17,2002,1,17,0.844158466731431,0.871215002823925,0.09379285797421304,-0.1995,0.9994000000000001,128101,2002_01_17
2002-02-02,2002,2,33,0.8092179872701099,0.8320863227946569,0.10084370523344321,-0.19940000000000002,0.9994000000000001,657386,2002_02_02
2002-02-18,2002,2,49,0.804837690552531,0.8475700542279576,0.16758662920977088,-0.19920000000000002,0.9992000000000001,148215,2002_02_18
2002-03-06,2002,3,65,0.8250010532728059,0.8632993386866255,0.1266245584640017,-0.2,0.9993000000000001,576440,2002_03_06
2002-03-22,2002,3,81,0.8094225934402856,0.8555896582716747,0.15640649349292493,-0.2,0.9994000000000001,67628,2002_03_22
2002-04-07,2002,4,97,0.8236167885045164,0.8632771465880182,0.14186498467923397,-0.2,0.9995,449420,2002_04_07
2002-04-23,2002,4,113,0.8216871435844312,0.8789792572839692,0.1604924099965942,-0.2,0.9994000000000001,249843,2002_04_23
2002-05-09,2002,5,129,0.8174252569903292,0.8556172549742077,0.12314172111250793,-0.2,0.9993000000000001,464098,2002_05_09
2002-05-25,2002,5,145,0.8226225474247838,0.8477671910158833,0.10537398720569596,-0.2,0.9993000000000001,868706,2002_05_25
2002-06-10,2002,6,161,0.8203858032786302,0.8554191967204383,0.11349397626579566,-0.2,0.9994000000000001,710200,2002_06_10
2002-06-26,2002,6,177,0.8044804908832792,0.8557203855739237,0.13936262015227158,-0.2,0.9994000000000001,332301,2002_06_26
2002-07-12,2002,7,193,0.8302809626224676,0.8633429671441203,0.11219552686675775,-0.2,0.9994000000000001,788936,2002_07_12
2002-07-28,2002,7,209,0.839392110945876,0.8556490341245115,0.09697304220352614,-0.2,0.9987,1180295,2002_07_28
2002-08-13,2002,8,225,0.8283714947405887,0.8477349368618956,0.09903778177939265,-0.2,0.9992000000000001,1114601,2002_08_13
2002-08-29,2002,8,241,0.8347846025041913,0.8475733426060861,0.0918943545650103,-0.2,0.9993000000000001,1187656,2002_08_29
2002-09-14,2002,9,257,0.8381375325974592,0.8476154175948344,0.08305957971795964,-0.2,0.9956,1219292,2002_09_14
2002-09-30,2002,9,273,0.8409845308376153,0.8553874883232506,0.08895076993906299,-0.2,0.9992000000000001,1189372,2002_09_30
2002-10-16,2002,10,289,0.821760245818981,0.8398868833955765,0.11337778247259461,-0.2,0.9995,369940,2002_10_16
2002-11-01,2002,11,305,0.8217154845990174,0.8399569300037214,0.12333886340100844,-0.2,0.9995,453779,2002_11_01
2002-11-17,2002,11,321,0.8288179577818835,0.8554535128598468,0.12710809499484962,-0.2,0.9995,735050,2002_11_17
2002-12-03,2002,12,337,0.836023020590746,0.8555609878116879,0.1093207970933034,-0.2,0.9994000000000001,564275,2002_12_03
2002-12-19,2002,12,353,0.8230895123087426,0.8319480226129672,0.100773131237192,-0.2,0.9994000000000001,908134,2002_12_19
2003-01-01,2003,1,1,0.847718809387599,0.8710136114799487,0.1017310548273171,-0.2,0.9993000000000001,1082239,2003_01_01
2003-01-17,2003,1,17,0.8430710699168861,0.863309211102604,0.08295656930316475,-0.2,0.9992000000000001,1104838,2003_01_17
2003-02-02,2003,2,33,0.8178038226270306,0.8399197773097214,0.10569648622830297,-0.2,0.9995,307706,2003_02_02
2003-02-18,2003,2,49,0.8266482049237495,0.8632512412500876,0.12665788656771432,-0.1825,0.9992000000000001,298816,2003_02_18
2003-03-06,2003,3,65,0.797945864115105,0.8243084050744202,0.11445407702719408,-0.19970000000000002,0.9991000000000001,633993,2003_03_06
2003-03-22,2003,3,81,0.8223139734391419,0.855539553565689,0.11826022947972396,-0.1996,0.9992000000000001,519208,2003_03_22
2003-04-07,2003,4,97,0.8221130823671869,0.8633190318903563,0.13415459881695008,-0.2,0.9994000000000001,543750,2003_04_07
2003-04-23,2003,4,113,0.8150991529525409,0.8554716530664549,0.13382475698529547,-0.2,0.9994000000000001,455564,2003_04_23
2003-05-09,2003,5,129,0.8025218850038397,0.8555483451878662,0.16359031325368714,-0.1995,0.9995,94624,2003_05_09
2003-05-25,2003,5,145,0.8169997473422624,0.8555639335747773,0.1154080867179999,-0.2,0.9994000000000001,673558,2003_05_25
2003-06-10,2003,6,161,0.813901146724797,0.8477486234314704,0.10680199731668853,-0.2,0.9993000000000001,600738,2003_06_10
2003-06-26,2003,6,177,0.8188387080693593,0.8476900349122417,0.10714531722745402,-0.2,0.9994000000000001,879283,2003_06_26
2003-07-12,2003,7,193,0.8228046523880457,0.8555681190220314,0.1081665995241478,-0.2,0.9994000000000001,809370,2003_07_12
2003-07-28,2003,7,209,0.8248488979256566,0.8556226074815964,0.11467530315931174,-0.2,0.9994000000000001,724254,2003_07_28
2003-08-13,2003,8,225,0.8283734794407912,0.8398116532456473,0.08428303565464981,-0.2,0.9974000000000001,1173539,2003_08_13
2003-08-29,2003,8,241,0.8330127345149942,0.8555007079166668,0.09722762811020043,-0.2,0.9993000000000001,1179285,2003_08_29
2003-09-14,2003,9,257,0.8216061123410174,0.8319287202662048,0.09563825953886226,-0.2,0.9984000000000001,1128146,2003_09_14
2003-09-30,2003,9,273,0.82888922990533,0.8478235441158647,0.09830819879688307,-0.2,0.9994000000000001,861867,2003_09_30
2003-10-16,2003,10,289,0.8369382805858724,0.8633531547070458,0.11195758982416425,-0.2,0.9994000000000001,976832,2003_10_16
2003-11-01,2003,11,305,0.8251448004253386,0.8553573327524031,0.11966959805013863,-0.2,0.9995,907488,2003_11_01
2003-11-17,2003,11,321,0.8339372237557418,0.8477091732866332,0.0994819607839548,-0.2,0.9994000000000001,1054626,2003_11_17
2003-12-03,2003,12,337,0.8270447829181483,0.8554222403373847,0.12582016608024552,-0.2,0.9995,612321,2003_12_03
2003-12-19,2003,12,353,0.8454293344413556,0.8789967745185483,0.12080836115159674,-0.2,0.9992000000000001,541643,2003_12_19
2004-01-01,2004,1,1,0.8277608698572259,0.8477130443617087,0.09620237000500427,-0.2,0.9992000000000001,286314,2004_01_01
2004-01-17,2004,1,17,0.8478807755093605,0.8633523122043334,0.09708777867393535,-0.19940000000000002,0.9992000000000001,1200321,2004_01_17
2004-02-02,2004,2,33,0.8470634702775954,0.8711575262043636,0.09988371848187341,-0.1806,0.9993000000000001,805159,2004_02_02
2004-02-18,2004,2,49,0.8258562477109938,0.8474897177265353,0.10857126153460644,-0.2,0.9994000000000001,563690,2004_02_18
2004-03-05,2004,3,65,0.8135308774267891,0.8319174254201857,0.12479518084594551,-0.2,0.9995,464039,2004_03_05
2004-03-21,2004,3,81,0.8030202446407148,0.8398961053159667,0.1467586107683067,-0.2,0.9995,289554,2004_03_21
2004-04-06,2004,4,97,0.8153980546541622,0.8477664897988805,0.12854447287809861,-0.19870000000000002,0.9994000000000001,376992,2004_04_06
2004-04-22,2004,4,113,0.813727248154871,0.8555812719571534,0.13937020400559008,-0.2,0.9995,364418,2004_04_22
2004-05-08,2004,5,129,0.8114228095456014,0.84777245428322,0.1243397200716586,-0.2,0.9994000000000001,685058,2004_05_08
2004-05-24,2004,5,145,0.8096279966864998,0.8399140053307902,0.11783781106277574,-0.2,0.9994000000000001,395058,2004_05_24
2004-06-09,2004,6,161,0.8123891229765485,0.8477331879882042,0.11646595883061496,-0.2,0.9994000000000001,694172,2004_06_09
2004-06-25,2004,6,177,0.8200893819556696,0.8632925536913423,0.12140874792901202,-0.2,0.9993000000000001,772085,2004_06_25
2004-07-11,2004,7,193,0.7828926885160672,0.8320902728317305,0.1495738876739779,-0.2,0.9993000000000001,352485,2004_07_11
2004-07-27,2004,7,209,0.8277288655334124,0.8477201822920333,0.08836465172112384,-0.2,0.9969,1214074,2004_07_27
2004-08-12,2004,8,225,0.8068919689452964,0.8320763004381756,0.10571457188337945,-0.2,0.9991000000000001,1020302,2004_08_12
2004-08-28,2004,8,241,0.7976792395466349,0.8321633104175705,0.1289438287171038,-0.2,0.9994000000000001,362639,2004_08_28
2004-09-13,2004,9,257,0.8245844344781275,0.8399564226299168,0.09235121986024482,-0.2,0.999,1157805,2004_09_13
2004-09-29,2004,9,273,0.8240945302787077,0.8478694594196015,0.1045871582314308,-0.2,0.9992000000000001,760591,2004_09_29
2004-10-15,2004,10,289,0.811511502695385,0.8244185348208791,0.09845295309225133,-0.2,0.9994000000000001,907112,2004_10_15
2004-10-31,2004,10,305,0.8180566106357152,0.8477375598628821,0.12973051190455803,-0.19970000000000002,0.9995,700338,2004_10_31
2004-11-16,2004,11,321,0.8168782518057744,0.8399009134271825,0.10820338144458334,-0.19970000000000002,0.9995,847096,2004_11_16
2004-12-02,2004,12,337,0.8396796146169007,0.8708350662191006,0.11911777636218814,-0.2,0.9994000000000001,632941,2004_12_02
2004-12-18,2004,12,353,0.8246411657666922,0.8398098413657589,0.09617937959468162,-0.2,0.9996,522672,2004_12_18
2005-01-01,2005,1,1,0.8524955140671782,0.8789883459407704,0.10530446517506784,-0.2,0.9993000000000001,1052165,2005_01_01
2005-01-17,2005,1,17,0.8280458824254475,0.8397501528069891,0.10292859158864967,-0.1998,0.9991000000000001,1047781,2005_01_17
2005-02-02,2005,2,33,0.8381609816471614,0.8633592527547849,0.11046298268017991,-0.2,0.9993000000000001,921935,2005_02_02
2005-02-18,2005,2,49,0.8234670527468116,0.8398130478120319,0.07944797552888645,-0.1884,0.9992000000000001,262765,2005_02_18
2005-03-06,2005,3,65,0.8377664627103698,0.8632228124474299,0.10122907991399054,-0.2,0.9993000000000001,307805,2005_03_06
2005-03-22,2005,3,81,0.8115718845473426,0.83195372109546,0.10567922793420356,-0.2,0.9994000000000001,221132,2005_03_22
2005-04-07,2005,4,97,0.8065141010507403,0.8320645771471739,0.11882740772239446,-0.19890000000000002,0.9994000000000001,214551,2005_04_07
2005-04-23,2005,4,113,0.8113185284362655,0.8553602540456574,0.15467502255977175,-0.2,0.9994000000000001,474232,2005_04_23
2005-05-09,2005,5,129,0.8254553548483242,0.847786470550967,0.10018489966074044,-0.2,0.9993000000000001,792796,2005_05_09
2005-05-25,2005,5,145,0.7981707452323246,0.8242663168785265,0.11259884391277987,-0.1998,0.9994000000000001,244767,2005_05_25
2005-06-10,2005,6,161,0.8390194099848644,0.8555492529878516,0.08506929528389123,-0.2,0.9993000000000001,1086287,2005_06_10
2005-06-26,2005,6,177,0.8457101841576599,0.8633296432852825,0.08709931415423693,-0.2,0.9987,1196273,2005_06_26
2005-07-12,2005,7,193,0.8308973885330948,0.8399521513085128,0.08230411963947386,-0.2,0.9994000000000001,1186853,2005_07_12
2005-07-28,2005,7,209,0.8444435080019922,0.8554365245260747,0.09168986282134402,-0.2,0.9994000000000001,1220640,2005_07_28
2005-08-13,2005,8,225,0.8318226824535839,0.8476387617976501,0.09125095219942488,-0.2,0.9989,1194481,2005_08_13
2005-08-29,2005,8,241,0.8348705736047786,0.8475687480065648,0.08370451217508573,-0.2,0.9984000000000001,1216380,2005_08_29
2005-09-14,2005,9,257,0.8254397371484516,0.8397142048273338,0.08392447349105496,-0.2,0.9979,1206064,2005_09_14
2005-09-30,2005,9,273,0.8284854093241673,0.8397770178026008,0.0916236749723467,-0.2,0.9992000000000001,1182388,2005_09_30
2005-10-16,2005,10,289,0.8369072616292452,0.8551221086057357,0.10480029231728748,-0.2,0.9992000000000001,1002285,2005_10_16
2005-11-01,2005,11,305,0.818728738562597,0.8397684343393927,0.11784312054406208,-0.2,0.9995,785552,2005_11_01
2005-11-17,2005,11,321,0.8295788637016375,0.847746724962859,0.10308482387641292,-0.1995,0.9994000000000001,993767,2005_11_17
2005-12-03,2005,12,337,0.8354460129249358,0.8633712378705125,0.115713676415774,-0.1998,0.9995,567758,2005_12_03
2005-12-19,2005,12,353,0.8437726432701016,0.8555361302570232,0.09659548515199785,-0.2,0.9984000000000001,1220788,2005_12_19
2006-01-01,2006,1,1,0.8540462854175166,0.8710879039193928,0.09774579509639794,-0.2,0.9979,1209557,2006_01_01
2006-01-17,2006,1,17,0.8211219172849021,0.8398455907028686,0.10449226225618427,-0.1998,0.9994000000000001,745295,2006_01_17
2006-02-02,2006,2,33,0.8364105191773253,0.8555246025233921,0.0968097143175615,-0.2,0.9992000000000001,877033,2006_02_02
2006-02-18,2006,2,49,0.8207733168179256,0.8400264939532694,0.1040066227521904,-0.2,0.9993000000000001,646758,2006_02_18
2006-03-06,2006,3,65,0.7944604353527023,0.8164693469768117,0.10875267942903315,-0.1998,0.9993000000000001,376104,2006_03_06
2006-03-22,2006,3,81,0.812354395898467,0.8398786483463582,0.12386497243342136,-0.2,0.9994000000000001,621113,2006_03_22
2006-04-07,2006,4,97,0.8227225798992615,0.8476875680575368,0.11559627208023705,-0.2,0.9993000000000001,939546,2006_04_07
2006-04-23,2006,4,113,0.816681920750726,0.847784884511911,0.11708216717003221,-0.2,0.9992000000000001,558177,2006_04_23
2006-05-09,2006,5,129,0.8353658557705949,0.8555587811590903,0.09286983292383082,-0.2,0.9994000000000001,1054303,2006_05_09
2006-05-25,2006,5,145,0.8204255981336164,0.847935100676674,0.10642136098840768,-0.19970000000000002,0.9994000000000001,722095,2006_05_25
2006-06-10,2006,6,161,0.8116002917303727,0.8397889751778568,0.12729426392698015,-0.2,0.9995,671457,2006_06_10
2006-06-26,2006,6,177,0.8137842182776028,0.8319959832322126,0.09823927969816262,-0.2,0.9995,720651,2006_06_26
2006-07-12,2006,7,193,0.823154343152663,0.8399064896727038,0.08286156992134701,-0.2,0.9994000000000001,1132058,2006_07_12
2006-07-28,2006,7,209,0.8294120994886575,0.8398080771349388,0.0866925754834005,-0.2,0.9943000000000001,1219582,2006_07_28
2006-08-13,2006,8,225,0.8304572454961029,0.8476088615831008,0.08939807616840004,-0.2,0.9994000000000001,1167114,2006_08_13
2006-08-29,2006,8,241,0.826098656731903,0.8398540818548965,0.08471970826095246,-0.2,0.9961000000000001,1219575,2006_08_29
2006-09-14,2006,9,257,0.8299482172248731,0.8396944586690969,0.08241339267171958,-0.2,0.9984000000000001,1222961,2006_09_14
2006-09-30,2006,9,273,0.8128860486291724,0.8320694242546504,0.09440176691860482,-0.1995,0.9995,957821,2006_09_30
2006-10-16,2006,10,289,0.8216548723494885,0.8399270240052606,0.10153221597386444,-0.2,0.9996,1019961,2006_10_16
2006-11-01,2006,11,305,0.8262787716401081,0.8554493364780171,0.11914885762982184,-0.1976,0.9994000000000001,204475,2006_11_01
2006-11-17,2006,11,321,0.8269275264693124,0.8476032630502515,0.09892715070583703,-0.2,0.9994000000000001,886822,2006_11_17
2006-12-03,2006,12,337,0.8436986692345734,0.8870279640341168,0.1307614211932644,-0.19970000000000002,0.9995,559667,2006_12_03
2006-12-19,2006,12,353,0.8129529923635254,0.8556262616414307,0.14304629130903931,-0.19970000000000002,0.9995,293712,2006_12_19
2007-01-01,2007,1,1,0.8176513568428093,0.8398933920168774,0.1137352209935848,-0.19970000000000002,0.9995,275770,2007_01_01
2007-01-17,2007,1,17,0.8285080673050335,0.8634751610711926,0.11611896202927205,-0.2,0.9988,954377,2007_01_17
2007-02-02,2007,2,33,0.8460527726990089,0.8632860489735953,0.09713259354883322,-0.2,0.9994000000000001,1218344,2007_02_02
2007-02-18,2007,2,49,0.8466051631740994,0.8632508348076348,0.09001800922343837,-0.199,0.9993000000000001,810757,2007_02_18
2007-03-06,2007,3,65,0.7950690912620068,0.8165400844155629,0.1192444282126205,-0.2,0.9995,407630,2007_03_06
2007-03-22,2007,3,81,0.8103646689363201,0.8320657832563625,0.11316161756256729,-0.2,0.9991000000000001,830280,2007_03_22
2007-04-07,2007,4,97,0.801161244587423,0.8321445829029777,0.12647753874057846,-0.2,0.9995,370996,2007_04_07
2007-04-23,2007,4,113,0.8069725107965018,0.8477544317488218,0.1325316864386227,-0.2,0.9994000000000001,326180,2007_04_23
2007-05-09,2007,5,129,0.8141068925962898,0.8476860581496568,0.13525793484988508,-0.2,0.9994000000000001,400870,2007_05_09
2007-05-25,2007,5,145,0.8281826848617928,0.8553067068397185,0.12013073381131294,-0.1996,0.9994000000000001,550792,2007_05_25
2007-06-10,2007,6,161,0.8048910301622405,0.8555990620249722,0.145805609360358,-0.2,0.9993000000000001,461586,2007_06_10
2007-06-26,2007,6,177,0.8247721983680675,0.8476805468699893,0.10076164584829274,-0.2,0.9993000000000001,748737,2007_06_26
2007-07-12,2007,7,193,0.8379350124915566,0.8553959872969013,0.08621585326218206,-0.2,0.9991000000000001,1217510,2007_07_12
2007-07-28,2007,7,209,0.8354235534640732,0.8477403232651517,0.08921579967175652,-0.2,0.9981000000000001,1207677,2007_07_28
2007-08-13,2007,8,225,0.8367380883909025,0.8476364786477764,0.09014547090280535,-0.2,0.9979,1213708,2007_08_13
2007-08-29,2007,8,241,0.8279219912332251,0.8555253807541467,0.10747055593498835,-0.2,0.9994000000000001,1095481,2007_08_29
2007-09-14,2007,9,257,0.8265413726440269,0.8397319738015676,0.08624332982698697,-0.2,0.9991000000000001,1213131,2007_09_14
2007-09-30,2007,9,273,0.8418852498969727,0.8636119233989344,0.09809811799767781,-0.2,0.9991000000000001,1138189,2007_09_30
2007-10-16,2007,10,289,0.821406771971968,0.8399894510850577,0.09086473090701543,-0.2,0.9995,1071343,2007_10_16
2007-11-01,2007,11,305,0.8106225004871345,0.8322023368927225,0.10307258768574785,-0.2,0.9993000000000001,1058024,2007_11_01
2007-11-17,2007,11,321,0.8150472770478959,0.8319486006365957,0.0998189425980153,-0.2,0.9995,658892,2007_11_17
2007-12-03,2007,12,337,0.822492249521338,0.8399566748525653,0.10364028940531389,-0.2,0.9995,1012287,2007_12_03
2007-12-19,2007,12,353,0.8259356843842965,0.8557775887792743,0.12145792805183332,-0.2,0.9996,305933,2007_12_19
2008-01-01,2008,1,1,0.833040478697599,0.8556457175756494,0.11334150652687118,-0.2,0.9994000000000001,889614,2008_01_01
2008-01-17,2008,1,17,0.8441047957254137,0.863390887969964,0.08926554467160064,-0.2,0.9988,958354,2008_01_17
2008-02-02,2008,2,33,0.8405543299458363,0.8554827456839285,0.08875356766599336,-0.19970000000000002,0.9992000000000001,890201,2008_02_02
2008-02-18,2008,2,49,0.8225115178985135,0.8476367051622025,0.10642281277516487,-0.1993,0.9991000000000001,639339,2008_02_18
2008-03-05,2008,3,65,0.8190741101259914,0.8477934062447042,0.108135743340403,-0.2,0.9994000000000001,488308,2008_03_05
2008-03-21,2008,3,81,0.8114120833222634,0.8321639785702046,0.08698403193074197,-0.19970000000000002,0.9994000000000001,520587,2008_03_21
2008-04-06,2008,4,97,0.8135643931105252,0.8397876383178652,0.11828753291240478,-0.2,0.9995,682421,2008_04_06
2008-04-22,2008,4,113,0.8135145771237746,0.8243925306182189,0.08811965955002578,-0.2,0.9987,999547,2008_04_22
2008-05-08,2008,5,129,0.80790640979184,0.8477733316509481,0.12491996368349405,-0.2,0.9993000000000001,214008,2008_05_08
2008-05-24,2008,5,145,0.8087194105579256,0.8401189015640316,0.10970390862947628,-0.2,0.9995,277478,2008_05_24
2008-06-09,2008,6,161,0.7977083625916328,0.8477281500838004,0.14502561992981916,-0.2,0.9995,335013,2008_06_09
2008-06-25,2008,6,177,0.8138935597000959,0.839898820316377,0.11109360164574167,-0.2,0.9993000000000001,668652,2008_06_25
2008-07-11,2008,7,193,0.8196751081606447,0.8321503150852311,0.09165721660388008,-0.2,0.9992000000000001,1108610,2008_07_11
2008-07-27,2008,7,209,0.8190989022047788,0.8400070955209611,0.0902919598089241,-0.2,0.9993000000000001,1115473,2008_07_27
2008-08-12,2008,8,225,0.8310476499615311,0.8476932361441744,0.08539654440025568,-0.2,0.999,1198467,2008_08_12
2008-08-28,2008,8,241,0.8209035553639227,0.8400249825490749,0.09547512019487321,-0.19970000000000002,0.9993000000000001,1113558,2008_08_28
2008-09-13,2008,9,257,0.8164548355628846,0.8320238791653614,0.09324205731510363,-0.2,0.9988,1111455,2008_09_13
2008-09-29,2008,9,273,0.8144495900594544,0.8243711019708095,0.08052900730160371,-0.2,0.9992000000000001,1167319,2008_09_29
2008-10-15,2008,10,289,0.8343413008866946,0.8633044231390609,0.11218297242937784,-0.2,0.9995,812246,2008_10_15
2008-10-31,2008,10,305,0.8381547607034661,0.8554014526621476,0.10288598731432873,-0.1998,0.9993000000000001,1048956,2008_10_31
2008-11-16,2008,11,321,0.8085419817068165,0.8398100664729681,0.12782073097102714,-0.2,0.9993000000000001,349405,2008_11_16
2008-12-02,2008,12,337,0.8387454683744091,0.8554647722452424,0.10379621124839318,-0.2,0.9992000000000001,1088166,2008_12_02
2008-12-18,2008,12,353,0.8286148128624532,0.8476491246896151,0.09460474091783878,-0.2,0.999,1138683,2008_12_18
2009-01-01,2009,1,1,0.8339313468477183,0.8632013963706315,0.11049600316871065,-0.19890000000000002,0.9993000000000001,496523,2009_01_01
2009-01-17,2009,1,17,0.8267439145224124,0.847482589763751,0.10906627588533074,-0.2,0.9991000000000001,586995,2009_01_17
2009-02-02,2009,2,33,0.8271955786783024,0.8475786450605786,0.11432996980567271,-0.2,0.9992000000000001,386490,2009_02_02
2009-02-18,2009,2,49,0.8021116924243588,0.8241178640210546,0.12129637244651967,-0.2,0.9991000000000001,584364,2009_02_18
2009-03-06,2009,3,65,0.8191632362703973,0.8477310049933422,0.10661384157432388,-0.19940000000000002,0.9992000000000001,163734,2009_03_06
2009-03-22,2009,3,81,0.8276574673174951,0.8554046558310096,0.11760627945719544,-0.2,0.9993000000000001,466692,2009_03_22
2009-04-07,2009,4,97,0.8185277497821946,0.8556415160364423,0.1129779245200269,-0.199,0.9993000000000001,85203,2009_04_07
2009-04-23,2009,4,113,0.826390065374509,0.8476829748810063,0.10334278837716562,-0.2,0.9994000000000001,775103,2009_04_23
2009-05-09,2009,5,129,0.8212704547958429,0.8480266334147858,0.09580957301132402,-0.2,0.9995,946424,2009_05_09
2009-05-25,2009,5,145,0.8252609987872185,0.8556128424004984,0.11226200771658933,-0.2,0.9993000000000001,397990,2009_05_25
2009-06-10,2009,6,161,0.8052528994013384,0.8399515381114896,0.11855915436416896,-0.2,0.9994000000000001,674332,2009_06_10
2009-06-26,2009,6,177,0.8046720729474188,0.847672104404302,0.13424845157179874,-0.2,0.9995,629243,2009_06_26
2009-07-12,2009,7,193,0.8102459615769471,0.840025266552628,0.10910352612615319,-0.2,0.9993000000000001,693307,2009_07_12
2009-07-28,2009,7,209,0.8153295767215161,0.8399352760623735,0.10284173014084247,-0.2,0.9995,971663,2009_07_28
2009-08-13,2009,8,225,0.8223571733681335,0.8398085049520119,0.09120094629748841,-0.2,0.9992000000000001,1155863,2009_08_13
2009-08-29,2009,8,241,0.8445495400746278,0.863442885958685,0.09080332821934958,-0.2,0.9983000000000001,1219994,2009_08_29
2009-09-14,2009,9,257,0.8252734866433825,0.8399731348413328,0.08245287627934586,-0.2,0.9973000000000001,1206351,2009_09_14
2009-09-30,2009,9,273,0.8427639876421547,0.8635356061379681,0.0966818249131417,-0.2,0.9994000000000001,880179,2009_09_30
2009-10-16,2009,10,289,0.8390834716116526,0.8633057683173923,0.1067135196827008,-0.2,0.9994000000000001,865597,2009_10_16
2009-11-01,2009,11,305,0.8344386815917991,0.8475777870487162,0.09331612162002434,-0.2,0.9993000000000001,1116535,2009_11_01
2009-11-17,2009,11,321,0.8414207845893016,0.8632412719154698,0.12066252080681128,-0.199,0.9994000000000001,663496,2009_11_17
2009-12-03,2009,12,337,0.8163767490548727,0.8399170206509574,0.10193494085158321,-0.2,0.9995,433801,2009_12_03
2009-12-19,2009,12,353,0.8202857290757387,0.8319886833013374,0.09037290040413712,-0.2,0.9988,1159741,2009_12_19
2010-01-01,2010,1,1,0.8381397846052383,0.8475733799623529,0.09276124173124038,-0.2,0.9973000000000001,1208481,2010_01_01
2010-01-17,2010,1,17,0.8247234555430635,0.8476669304748139,0.1040538974166033,-0.199,0.9993000000000001,449120,2010_01_17
2010-02-02,2010,2,33,0.8463700328899192,0.8791160695079002,0.10665388086660708,-0.2,0.9986,1188107,2010_02_02
2010-02-18,2010,2,49,0.8064521965532037,0.8242912897463666,0.09661620672701746,-0.2,0.9992000000000001,643698,2010_02_18
2010-03-06,2010,3,65,0.8179394592363701,0.8320194716967175,0.10551552991676857,-0.2,0.9994000000000001,509850,2010_03_06
2010-03-22,2010,3,81,0.809888617651593,0.8321083250606326,0.12277061291760193,-0.2,0.9994000000000001,613001,2010_03_22
2010-04-07,2010,4,97,0.8347940620965323,0.863339834031875,0.11129131195151855,-0.2,0.9995,849726,2010_04_07
2010-04-23,2010,4,113,0.8214885094964571,0.8555124762921854,0.1268619373068492,-0.1986,0.9993000000000001,259846,2010_04_23
2010-05-09,2010,5,129,0.8282768876929885,0.8556120417277525,0.11148203887393408,-0.2,0.9995,918861,2010_05_09
2010-05-25,2010,5,145,0.803843582132108,0.8400051146683196,0.12975873017599476,-0.2,0.9993000000000001,292975,2010_05_25
2010-06-10,2010,6,161,0.8126264338297675,0.8479276716072247,0.11006600209750544,-0.2,0.9994000000000001,709866,2010_06_10
2010-06-26,2010,6,177,0.8090885753312178,0.8398846442746207,0.11668259664097891,-0.2,0.9993000000000001,661593,2010_06_26
2010-07-12,2010,7,193,0.8383677408322623,0.8554541960411851,0.08430546012949373,-0.2,0.9992000000000001,1215994,2010_07_12
2010-07-28,2010,7,209,0.8289775349698777,0.8395945456557163,0.09294993664717696,-0.2,0.9993000000000001,1196294,2010_07_28
2010-08-13,2010,8,225,0.8270346103584058,0.8398643739815109,0.0868076759519348,-0.2,0.9991000000000001,1215051,2010_08_13
2010-08-29,2010,8,241,0.816202918205994,0.8242331764167886,0.08488780987231727,-0.2,0.9994000000000001,1150722,2010_08_29
2010-09-14,2010,9,257,0.828422108121125,0.8478340608569827,0.09056061259718745,-0.2,0.9988,1212966,2010_09_14
2010-09-30,2010,9,273,0.803855370542682,0.8085737555118185,0.08783547948566246,-0.19970000000000002,0.9993000000000001,1058883,2010_09_30
2010-10-16,2010,10,289,0.8308486618860734,0.8554030507070691,0.0996143579201765,-0.2,0.9995,777615,2010_10_16
2010-11-01,2010,11,305,0.8265759332659872,0.8401122977343704,0.08341439513618433,-0.19970000000000002,0.9992000000000001,1004545,2010_11_01
2010-11-17,2010,11,321,0.8107668251006044,0.8242550806276606,0.10077906305191994,-0.2,0.9994000000000001,750763,2010_11_17
2010-12-03,2010,12,337,0.8274183667212107,0.847725638298676,0.09723421744075415,-0.2,0.9994000000000001,574541,2010_12_03
2010-12-19,2010,12,353,0.855284189475672,0.8712820316641532,0.09515633830383204,-0.19970000000000002,0.9993000000000001,1220480,2010_12_19
2011-01-01,2011,1,1,0.8505984997637157,0.8712422339863557,0.0934616917213017,-0.2,0.9992000000000001,1210172,2011_01_01
2011-01-17,2011,1,17,0.799523183161791,0.8086534961683522,0.08280276002684005,-0.1991,0.9991000000000001,822020,2011_01_17
2011-02-02,2011,2,33,0.800289213205927,0.8085306611835721,0.10118627472175339,-0.19870000000000002,0.9994000000000001,189439,2011_02_02
2011-02-18,2011,2,49,0.8223234378551855,0.8555079515816092,0.1288195690620131,-0.199,0.9994000000000001,239748,2011_02_18
2011-03-06,2011,3,65,0.8371300599997612,0.8554238949760937,0.1003576045820975,-0.2,0.9993000000000001,930105,2011_03_06
2011-03-22,2011,3,81,0.8151426821466757,0.8476658404745314,0.1295787001546768,-0.2,0.9994000000000001,397387,2011_03_22
2011-04-07,2011,4,97,0.806951907483053,0.8475973927869429,0.14681283781084323,-0.2,0.9995,325805,2011_04_07
2011-04-23,2011,4,113,0.8045094900687484,0.8320671918618091,0.12633450181244607,-0.2,0.9993000000000001,294202,2011_04_23
2011-05-09,2011,5,129,0.8206469658441149,0.8555270680801487,0.13327257637485806,-0.2,0.9995,511742,2011_05_09
2011-05-25,2011,5,145,0.8089660110919387,0.8242187513414554,0.09522193467411046,-0.2,0.9993000000000001,1081923,2011_05_25
2011-06-10,2011,6,161,0.825835362696758,0.8555108861452213,0.10376811092940927,-0.2,0.9992000000000001,728721,2011_06_10
2011-06-26,2011,6,177,0.8138641759221459,0.8478295813853578,0.1173698671582007,-0.2,0.9994000000000001,439100,2011_06_26
2011-07-12,2011,7,193,0.8327060930990522,0.8556183166307132,0.09363447270468717,-0.2,0.9994000000000001,1047327,2011_07_12
2011-07-28,2011,7,209,0.8373751175329154,0.8476122812090836,0.07981679394717364,-0.2,0.9993000000000001,1218573,2011_07_28
2011-08-13,2011,8,225,0.8330683525968529,0.8396503571402242,0.08657462767067114,-0.2,0.9992000000000001,1156888,2011_08_13
2011-08-29,2011,8,241,0.8415231403866946,0.8554565204915966,0.08470892895887276,-0.2,0.9991000000000001,1207745,2011_08_29
2011-09-14,2011,9,257,0.8298290703076825,0.8474662975119921,0.10500393312200047,-0.2,0.9992000000000001,1018887,2011_09_14
2011-09-30,2011,9,273,0.8395162514251505,0.8711544130707807,0.11107282583639343,-0.2,0.9994000000000001,395771,2011_09_30
2011-10-16,2011,10,289,0.8541652730814275,0.8708620774067921,0.09034755994521347,-0.2,0.9995,1030841,2011_10_16
2011-11-01,2011,11,305,0.8350505144453356,0.8475420447683961,0.10705377647391949,-0.2,0.9995,719471,2011_11_01
2011-11-17,2011,11,321,0.8346857600211394,0.8631372409780608,0.12209275675578558,-0.2,0.9996,684641,2011_11_17
2011-12-03,2011,12,337,0.8345311698225412,0.8710735265105771,0.12872671490189339,-0.199,0.9995,347201,2011_12_03
2011-12-19,2011,12,353,0.8411210584347989,0.8631968472913614,0.10280872915256235,-0.1933,0.9996,98297,2011_12_19
2012-01-01,2012,1,1,0.8070674634942767,0.8242859894692532,0.10780841646691972,-0.1993,0.9996,554091,2012_01_01
2012-01-17,2012,1,17,0.8364593290775882,0.8476483642306658,0.08814477942923898,-0.2,0.9993000000000001,1091624,2012_01_17
2012-02-02,2012,2,33,0.8133468495107247,0.8321228145938655,0.09243495666492618,-0.2,0.9991000000000001,1158894,2012_02_02
2012-02-18,2012,2,49,0.8175848052941385,0.8320724987886567,0.10212297387318242,-0.1993,0.9991000000000001,445049,2012_02_18
2012-03-05,2012,3,65,0.8106181723599788,0.8399858066591235,0.1185620751078523,-0.199,0.9994000000000001,271645,2012_03_05
2012-03-21,2012,3,81,0.8251906644426118,0.8554784496870952,0.10618110449748216,-0.2,0.9994000000000001,855761,2012_03_21
2012-04-06,2012,4,97,0.8007135565344774,0.8322412460309044,0.1279186329571055,-0.2,0.9995,343753,2012_04_06
2012-04-22,2012,4,113,0.8096457056652039,0.8555162828316579,0.14074719178745831,-0.19940000000000002,0.9994000000000001,276885,2012_04_22
2012-05-08,2012,5,129,0.8166352403027455,0.8399970647031422,0.09958967181552227,-0.2,0.9992000000000001,700603,2012_05_08
2012-05-24,2012,5,145,0.8234288513371012,0.8476771989744514,0.10164706815482907,-0.2,0.9993000000000001,906127,2012_05_24
2012-06-09,2012,6,161,0.845107435764293,0.8631635333348955,0.08455997194076367,-0.2,0.9991000000000001,1188893,2012_06_09
2012-06-25,2012,6,177,0.8137671190731188,0.8398674605423422,0.10087348756470398,-0.2,0.9994000000000001,855639,2012_06_25
2012-07-11,2012,7,193,0.8288690514234651,0.8555488889836554,0.10055629747807836,-0.2,0.9994000000000001,1033318,2012_07_11
2012-07-27,2012,7,209,0.8500460246198144,0.8633200155019802,0.07597425385817928,-0.2,0.9988,1220437,2012_07_27
2012-08-12,2012,8,225,0.8510387216865267,0.8633733638940166,0.08245542046279718,-0.2,0.9965,1221936,2012_08_12
2012-08-28,2012,8,241,0.8436855159016643,0.8555033104413501,0.09201755521111622,-0.2,0.998,1223554,2012_08_28
2012-09-13,2012,9,257,0.8413218909275617,0.8555490623131751,0.09027994822645821,-0.2,0.998,1223078,2012_09_13
2012-09-29,2012,9,273,0.8424131330352163,0.8633679713342097,0.0985651247410662,-0.2,0.9993000000000001,1055568,2012_09_29
2012-10-15,2012,10,289,0.829564269858689,0.8475874607226209,0.10564641371081288,-0.2,0.9995,938049,2012_10_15
2012-10-31,2012,10,305,0.8471435341954423,0.8632582318979599,0.09456109597709382,-0.2,0.9993000000000001,1154011,2012_10_31
2012-11-16,2012,11,321,0.8414248742573219,0.8631740511727051,0.10346625864433437,-0.2,0.9993000000000001,487489,2012_11_16
2012-12-02,2012,12,337,0.8299441998631454,0.8555508089350001,0.11773195597991944,-0.2,0.9995,837518,2012_12_02
2012-12-18,2012,12,353,0.8366432399991567,0.8633127002775745,0.1167700522333519,-0.1995,0.9995,533973,2012_12_18
2013-01-01,2013,1,1,0.8571219031836134,0.8790622113334781,0.09738363284119048,-0.2,0.9993000000000001,618101,2013_01_01
2013-01-17,2013,1,17,0.8192319377287849,0.83986209247499,0.10496095971095176,-0.2,0.9994000000000001,965000,2013_01_17
2013-02-02,2013,2,33,0.8006033655606458,0.8398857031536646,0.1424473551594228,-0.2,0.9995,236399,2013_02_02
2013-02-18,2013,2,49,0.8091168619131751,0.85556800023633,0.15257949456065487,-0.1998,0.9992000000000001,99023,2013_02_18
2013-03-06,2013,3,65,0.8140470200897972,0.8399892411454025,0.11567367146017003,-0.2,0.9995,450266,2013_03_06
2013-03-22,2013,3,81,0.8318645386658883,0.8474151118995545,0.11923047607289633,-0.2,0.9995,810889,2013_03_22
2013-04-07,2013,4,97,0.8333281504003173,0.8634620629221457,0.09904156702254449,-0.2,0.9992000000000001,856763,2013_04_07
2013-04-23,2013,4,113,0.8427393060108341,0.8554282920100496,0.08701269326392819,-0.2,0.9991000000000001,1219992,2013_04_23
2013-05-09,2013,5,129,0.8162261202367824,0.8556204549449392,0.1278193292443071,-0.2,0.9994000000000001,296000,2013_05_09
2013-05-25,2013,5,145,0.8287561507775465,0.8634323756417992,0.12061154515887439,-0.2,0.9993000000000001,782634,2013_05_25
2013-06-10,2013,6,161,0.8387586519850593,0.8711339228475937,0.11214842259276445,-0.2,0.9994000000000001,801688,2013_06_10
2013-06-26,2013,6,177,0.8405480552956934,0.8554764454007651,0.08340697857886241,-0.2,0.9993000000000001,1129031,2013_06_26
2013-07-12,2013,7,193,0.8367676925840359,0.8554490027832528,0.09678372168824004,-0.2,0.9995,960851,2013_07_12
2013-07-28,2013,7,209,0.8384760631354206,0.8554839987638224,0.08884936173139665,-0.2,0.999,1156809,2013_07_28
2013-08-13,2013,8,225,0.8282690461448702,0.839896243174201,0.08451356472416074,-0.2,0.9994000000000001,1022064,2013_08_13
2013-08-29,2013,8,241,0.845432362692923,0.8554246600138788,0.07949864696772384,-0.2,0.9992000000000001,1220623,2013_08_29
2013-09-14,2013,9,257,0.8303567605774594,0.8397541421504608,0.07862485693157437,-0.2,0.9979,1207630,2013_09_14
2013-09-30,2013,9,273,0.8091925459238815,0.8243481610703421,0.09411991646289658,-0.19970000000000002,0.9992000000000001,950890,2013_09_30
2013-10-16,2013,10,289,0.8455245085967651,0.8632110796974174,0.10454503193314184,-0.2,0.9993000000000001,1037485,2013_10_16
2013-11-01,2013,11,305,0.8488963505579186,0.8789319464705888,0.12747983570790336,-0.1998,0.9995,717380,2013_11_01
2013-11-17,2013,11,321,0.8299935770732841,0.8475624374645828,0.11093551479532099,-0.2,0.9996,572808,2013_11_17
2013-12-03,2013,12,337,0.8465869407378593,0.8788759743799597,0.12831366457817558,-0.2,0.9995,810052,2013_12_03
2013-12-19,2013,12,353,0.8447040393886157,0.8633100643653174,0.0996510298796967,-0.2,0.9995,1198487,2013_12_19
2014-01-01,2014,1,1,0.8205326107668816,0.8319764906001277,0.10668745040802101,-0.19970000000000002,0.9994000000000001,368313,2014_01_01
2014-01-17,2014,1,17,0.8149250724466157,0.8242260350636111,0.09074656220697097,-0.2,0.9995,1101518,2014_01_17
2014-02-02,2014,2,33,0.8127425150186738,0.8478134553299422,0.10824079753662175,-0.1952,0.9992000000000001,356609,2014_02_02
2014-02-18,2014,2,49,0.8030917704683699,0.8243000482401369,0.09572050445758916,-0.1998,0.9993000000000001,199279,2014_02_18
2014-03-06,2014,3,65,0.7990115751135933,0.8242121727756186,0.10637771100254666,-0.1998,0.9992000000000001,260407,2014_03_06
2014-03-22,2014,3,81,0.8307394708708119,0.8476982610184075,0.1094157141743828,-0.2,0.9995,1161440,2014_03_22
2014-04-07,2014,4,97,0.8304343599519609,0.8555552785930907,0.10502197137258429,-0.2,0.9995,817991,2014_04_07
2014-04-23,2014,4,113,0.8142436763375658,0.8477204266944861,0.12358362802141962,-0.2,0.9993000000000001,547996,2014_04_23
2014-05-09,2014,5,129,0.8204512196657453,0.8478660003650469,0.10822017659029848,-0.2,0.9994000000000001,571671,2014_05_09
2014-05-25,2014,5,145,0.8087791784141243,0.8320259971795676,0.1164438969944905,-0.2,0.9994000000000001,735862,2014_05_25
2014-06-10,2014,6,161,0.8003628368284551,0.8399851568900261,0.13956620538424644,-0.2,0.9995,345120,2014_06_10
2014-06-26,2014,6,177,0.8186939451636619,0.8555377968343092,0.11885461059786319,-0.2,0.9994000000000001,671354,2014_06_26
2014-07-12,2014,7,193,0.8086982868000917,0.8399928840754849,0.12312083741164505,-0.2,0.9995,368587,2014_07_12
2014-07-28,2014,7,209,0.8345289950826587,0.855601213305842,0.09707617211994653,-0.2,0.9994000000000001,1109757,2014_07_28
2014-08-13,2014,8,225,0.8291636589559718,0.847716038902101,0.09641000242167529,-0.2,0.9994000000000001,1069921,2014_08_13
2014-08-29,2014,8,241,0.8402222263492123,0.8476741922035133,0.08011300879327354,-0.2,0.9948,1221198,2014_08_29
2014-09-14,2014,9,257,0.8317510997186209,0.8395710060982348,0.09228342935324653,-0.2,0.9994000000000001,1169844,2014_09_14
2014-09-30,2014,9,273,0.841077234532353,0.8554540254532936,0.08486669991642735,-0.2,0.9993000000000001,1159297,2014_09_30
2014-10-16,2014,10,289,0.8414783623422519,0.8633406955911678,0.10054074186265957,-0.2,0.9994000000000001,936457,2014_10_16
2014-11-01,2014,11,305,0.8256118118009664,0.8476090296608646,0.11275647221803707,-0.19970000000000002,0.9995,400232,2014_11_01
2014-11-17,2014,11,321,0.8486335399822429,0.878837102779911,0.12359272657871335,-0.2,0.9994000000000001,907287,2014_11_17
2014-12-03,2014,12,337,0.8277396936435862,0.855417271046618,0.11596280809911012,-0.2,0.9993000000000001,816333,2014_12_03
2014-12-19,2014,12,353,0.8305093234539249,0.8555886375351538,0.11941478712864798,-0.2,0.9992000000000001,510781,2014_12_19
2015-01-01,2015,1,1,0.8211570380044338,0.8556047713435099,0.11163305748063077,-0.19890000000000002,0.9995,69091,2015_01_01
2015-01-17,2015,1,17,0.8261694724613597,0.8867753272464987,0.17145898646162896,-0.1981,0.9996,278727,2015_01_17
2015-02-02,2015,2,33,0.7844695255022698,0.7929216823614555,0.10203518465594362,-0.2,0.9992000000000001,350899,2015_02_02
2015-02-18,2015,2,49,0.8269458660295682,0.8475614098900923,0.10752401590093111,-0.2,0.9992000000000001,362741,2015_02_18
2015-03-06,2015,3,65,0.7961298043278512,0.832151565954045,0.1283149831050156,-0.19940000000000002,0.9991000000000001,51510,2015_03_06
2015-03-22,2015,3,81,0.8117024955010523,0.8399837372596725,0.11148680007561157,-0.1996,0.9993000000000001,429148,2015_03_22
2015-04-07,2015,4,97,0.8088382500764171,0.8398517767973042,0.11701110940630327,-0.1996,0.9993000000000001,374881,2015_04_07
2015-04-23,2015,4,113,0.8103799661283603,0.8476953747929714,0.11334603738078572,-0.2,0.9994000000000001,238777,2015_04_23
2015-05-09,2015,5,129,0.8152479761250727,0.8478076341852476,0.10464560521308286,-0.2,0.9995,322718,2015_05_09
2015-05-25,2015,5,145,0.8098677489480569,0.8476911044753392,0.13039459358780578,-0.2,0.9994000000000001,313546,2015_05_25
2015-06-10,2015,6,161,0.8070349238286182,0.8477733460495279,0.13364847510168734,-0.19970000000000002,0.9994000000000001,592028,2015_06_10
2015-06-26,2015,6,177,0.82540141180259,0.8554890002069062,0.09907017726379704,-0.2,0.9993000000000001,882106,2015_06_26
2015-07-12,2015,7,193,0.8243129817088665,0.8397459203280226,0.08794804661652082,-0.2,0.9993000000000001,1062875,2015_07_12
2015-07-28,2015,7,209,0.8363481609378194,0.8474634033996497,0.08769340001560995,-0.2,0.9993000000000001,1172264,2015_07_28
2015-08-13,2015,8,225,0.8417953262361602,0.8634387738601995,0.09675774082112076,-0.2,0.9993000000000001,1197841,2015_08_13
2015-08-29,2015,8,241,0.8251089535006293,0.8397904564111149,0.08986942961640576,-0.2,0.9989,1207879,2015_08_29
2015-09-14,2015,9,257,0.8521152029588597,0.8712622939583173,0.09365798806055685,-0.2,0.9993000000000001,1220843,2015_09_14
2015-09-30,2015,9,273,0.8347299611465641,0.8319074722230215,0.08579348871561081,-0.2,0.9992000000000001,1032342,2015_09_30
2015-10-16,2015,10,289,0.8380996676166754,0.8476561097149501,0.0929548966294583,-0.2,0.9992000000000001,1213380,2015_10_16
2015-11-01,2015,11,305,0.865224217190688,0.8946378443226524,0.11629874115411809,-0.2,0.9995,500703,2015_11_01
2015-11-17,2015,11,321,0.8464264593094741,0.8631425627954484,0.11643464098712031,-0.2,0.9995,856403,2015_11_17
2015-12-03,2015,12,337,0.8634860894580814,0.8868383580528637,0.10425505155948644,-0.2,0.9993000000000001,1131443,2015_12_03
2015-12-19,2015,12,353,0.825991051361952,0.8710127371088492,0.15046285539552307,-0.1988,0.9993000000000001,253916,2015_12_19
2016-01-01,2016,1,1,0.8337740432837183,0.8555218629564254,0.10807224834846621,-0.2,0.9995,912311,2016_01_01
2016-01-17,2016,1,17,0.8549793714878339,0.87105702695289,0.08519223561105954,-0.1963,0.9995,689844,2016_01_17
2016-02-02,2016,2,33,0.7649075048527024,0.8009177835736114,0.14913826318778364,-0.1887,0.9995,82828,2016_02_02
2016-02-18,2016,2,49,0.8102430792946635,0.8556915639424171,0.16070530232962318,-0.1925,0.9991000000000001,14589,2016_02_18
2016-03-05,2016,3,65,0.8051323555249108,0.8319639387972905,0.13227846856261663,-0.1985,0.9993000000000001,339971,2016_03_05
2016-03-21,2016,3,81,0.8250807280960171,0.8475655749246193,0.10364763401531485,-0.1998,0.9994000000000001,239378,2016_03_21
2016-04-06,2016,4,97,0.8099233472004712,0.8477759755799708,0.14521439101723838,-0.2,0.9996,314898,2016_04_06
2016-04-22,2016,4,113,0.8433591786807957,0.8712006278754792,0.11064050735167344,-0.2,0.9994000000000001,989578,2016_04_22
2016-05-08,2016,5,129,0.8231487549078259,0.8632575946602153,0.1413106946857436,-0.2,0.9994000000000001,497441,2016_05_08
2016-05-24,2016,5,145,0.8419284309859177,0.8633520557103266,0.08794839387085258,-0.2,0.9993000000000001,867797,2016_05_24
2016-06-09,2016,6,161,0.8232139733464195,0.855619461525092,0.11599966456084261,-0.2,0.9994000000000001,550679,2016_06_09
2016-06-25,2016,6,177,0.8162924121560774,0.8399902470808792,0.10462984426337504,-0.1993,0.9995,283323,2016_06_25
2016-07-11,2016,7,193,0.830629959108513,0.8474292737374094,0.0928839360308799,-0.2,0.9992000000000001,1096164,2016_07_11
2016-07-27,2016,7,209,0.8236179312826288,0.8398288333204861,0.0912902756377164,-0.2,0.9995,1033081,2016_07_27
2016-08-12,2016,8,225,0.8281442765797211,0.8398489747331487,0.08791973614132416,-0.2,0.9983000000000001,1219573,2016_08_12
2016-08-28,2016,8,241,0.8224197505772683,0.8477323865620714,0.10188493682388251,-0.2,0.9993000000000001,997360,2016_08_28
2016-09-13,2016,9,257,0.8305661078643733,0.8476958253204835,0.09558261119955283,-0.2,0.9994000000000001,1123042,2016_09_13
2016-09-29,2016,9,273,0.833954486207714,0.8554513024155947,0.1017774221137335,-0.2,0.9994000000000001,765890,2016_09_29
2016-10-15,2016,10,289,0.8254280228715873,0.8398054712706766,0.09345353035888083,-0.2,0.9992000000000001,1101176,2016_10_15
2016-10-31,2016,10,305,0.8336600128387011,0.8476226383603405,0.0972104562734346,-0.2,0.9994000000000001,1069371,2016_10_31
2016-11-16,2016,11,321,0.8439413973891899,0.8633401330416233,0.10516289700905045,-0.2,0.9995,1069688,2016_11_16
2016-12-02,2016,12,337,0.8328953545865259,0.8553926807421036,0.11065400953604829,-0.2,0.9995,506470,2016_12_02
2016-12-18,2016,12,353,0.8245745361690795,0.8398033948201084,0.10360122694180326,-0.2,0.9994000000000001,856545,2016_12_18
2017-01-01,2017,1,1,0.8265755923657225,0.8633571199957535,0.1261466220778163,-0.18080000000000002,0.9994000000000001,91509,2017_01_01
2017-01-17,2017,1,17,0.841830101636033,0.8632846450582883,0.10259039340976646,-0.2,0.9992000000000001,595513,2017_01_17
2017-02-02,2017,2,33,0.8223710813023132,0.8400025155624505,0.10070472489718583,-0.2,0.9986,1162692,2017_02_02
2017-02-18,2017,2,49,0.8108141762897596,0.8242801672303608,0.10571871999958632,-0.2,0.9995,1026994,2017_02_18
2017-03-06,2017,3,65,0.8028924091879657,0.8243542069054193,0.10905568509746101,-0.2,0.9994000000000001,702747,2017_03_06
2017-03-22,2017,3,81,0.801323130964561,0.8398998624849029,0.15055789430197253,-0.2,0.9995,227866,2017_03_22
2017-04-07,2017,4,97,0.822414778054407,0.8477016127439814,0.10374612196937893,-0.2,0.9994000000000001,449363,2017_04_07
2017-04-23,2017,4,113,0.825531836583929,0.8633194812088726,0.12486112571546484,-0.1996,0.9995,340276,2017_04_23
2017-05-09,2017,5,129,0.8128604918687865,0.8399752075747576,0.11955088019721162,-0.2,0.9995,492491,2017_05_09
2017-05-25,2017,5,145,0.8333963762939686,0.8556733261669155,0.10314419839125732,-0.2,0.9995,913669,2017_05_25
2017-06-10,2017,6,161,0.8272170351040213,0.8555855156456021,0.11510577866992254,-0.2,0.9995,640891,2017_06_10
2017-06-26,2017,6,177,0.83357742747651,0.8633850054484643,0.1139948397277382,-0.2,0.9993000000000001,826995,2017_06_26
2017-07-12,2017,7,193,0.8503238578008884,0.8633296401181232,0.08201888070566293,-0.2,0.9992000000000001,1220404,2017_07_12
2017-07-28,2017,7,209,0.8436911322960198,0.8554878514197203,0.08442478185579569,-0.2,0.9889,1220004,2017_07_28
2017-08-13,2017,8,225,0.8312009677747434,0.8477018442868253,0.08384697134183587,-0.2,0.9994000000000001,1202269,2017_08_13
2017-08-29,2017,8,241,0.8437386118622616,0.8632657985159679,0.09406889915288966,-0.1998,0.9967,1222456,2017_08_29
2017-09-14,2017,9,257,0.8239186697715212,0.8477397160984868,0.11235900731862015,-0.1995,0.9995,395405,2017_09_14
2017-09-30,2017,9,273,0.832028369091222,0.839824242146063,0.08988759068915,-0.2,0.9993000000000001,1094799,2017_09_30
2017-10-16,2017,10,289,0.8351953428725349,0.8556487603638431,0.09499753604473772,-0.2,0.9995,482743,2017_10_16
2017-11-01,2017,11,305,0.844161893094566,0.8790481903057862,0.12419856005156155,-0.1998,0.9996,459101,2017_11_01
2017-11-17,2017,11,321,0.8278520401901568,0.8552628881359462,0.1262398842128242,-0.2,0.9995,628494,2017_11_17
2017-12-03,2017,12,337,0.8306648508120237,0.8632962099267794,0.12680803054311826,-0.1998,0.9994000000000001,629713,2017_12_03
2017-12-19,2017,12,353,0.8353510057737195,0.8554492956360096,0.10336444402092383,-0.2,0.9995,533138,2017_12_19
2018-01-01,2018,1,1,0.8383855998908147,0.8633454316648097,0.12425395543715026,-0.2,0.9993000000000001,588531,2018_01_01
2018-01-17,2018,1,17,0.8070163858776115,0.8399636500135003,0.1349822229744943,-0.2,0.9995,247703,2018_01_17
2018-02-02,2018,2,33,0.8335182554820052,0.8395960798966738,0.09686460779642482,-0.199,0.999,1151851,2018_02_02
2018-02-18,2018,2,49,0.8358150472474782,0.855568345033363,0.0940871578834512,-0.1976,0.9993000000000001,767422,2018_02_18
2018-03-06,2018,3,65,0.8090897923952212,0.824262282510499,0.08554408376075716,-0.2,0.9995,513523,2018_03_06
2018-03-22,2018,3,81,0.8276515178166431,0.8555103314035902,0.11211980007933314,-0.2,0.9994000000000001,771887,2018_03_22
2018-04-07,2018,4,97,0.8143718487453528,0.83988293636508,0.11191882473991566,-0.2,0.9995,267830,2018_04_07
2018-04-23,2018,4,113,0.7825683673979256,0.8322455384418072,0.16478235110594686,-0.2,0.9993000000000001,150194,2018_04_23
2018-05-09,2018,5,129,0.7992442043017226,0.8399535647849308,0.13546970941531436,-0.2,0.9994000000000001,408397,2018_05_09
2018-05-25,2018,5,145,0.8151748116977735,0.8555574187017245,0.12768938220187945,-0.2,0.9994000000000001,313799,2018_05_25
2018-06-10,2018,6,161,0.8191817162043129,0.8555394485950226,0.12029152912083842,-0.2,0.9994000000000001,725111,2018_06_10
2018-06-26,2018,6,177,0.8307882945668043,0.8479546869348683,0.08641866218439473,-0.2,0.9984000000000001,1106097,2018_06_26
2018-07-12,2018,7,193,0.8323360121050446,0.8554885154472885,0.08931583837360904,-0.1995,0.9993000000000001,1157831,2018_07_12
2018-07-28,2018,7,209,0.8234961962206008,0.8475200445316882,0.10005136854516314,-0.2,0.9994000000000001,989567,2018_07_28
2018-08-13,2018,8,225,0.8350122555220264,0.8475522443075677,0.08898906851234449,-0.2,0.9991000000000001,1193445,2018_08_13
2018-08-29,2018,8,241,0.8410643086617104,0.8476335007903895,0.0860647966365564,-0.2,0.9989,1177879,2018_08_29
2018-09-14,2018,9,257,0.836015467571043,0.8476299258812506,0.08597790009511623,-0.2,0.9983000000000001,1217679,2018_09_14
2018-09-30,2018,9,273,0.8213671336624845,0.8398920398452124,0.09183096645000587,-0.19970000000000002,0.9993000000000001,774033,2018_09_30
2018-10-16,2018,10,289,0.8352618575801205,0.8475847659609158,0.09445975895245542,-0.2,0.9995,1010541,2018_10_16
2018-11-01,2018,11,305,0.839162086973208,0.8633985781004122,0.10837073427299783,-0.2,0.9994000000000001,787431,2018_11_01
2018-11-17,2018,11,321,0.8428145527473903,0.8711487811390239,0.11157688375161513,-0.2,0.9994000000000001,447031,2018_11_17
2018-12-03,2018,12,337,0.8398851934284577,0.8633567720632067,0.11325877641872198,-0.2,0.9995,641677,2018_12_03
2018-12-19,2018,12,353,0.8214865626150503,0.8477048374979713,0.10200299947691784,-0.1986,0.9993000000000001,232387,2018_12_19
2019-01-01,2019,1,1,0.833261607795213,0.8633140047543629,0.11046715482346739,-0.19770000000000001,0.9996,324636,2019_01_01
2019-01-17,2019,1,17,0.8036163976571652,0.8398545495267372,0.1512484066993581,-0.2,0.9996,60789,2019_01_17
2019-02-02,2019,2,33,0.8080750108478661,0.8241562028450201,0.08848595042501804,-0.1995,0.9993000000000001,350722,2019_02_02
2019-02-18,2019,2,49,0.8391994646053927,0.8475906290844777,0.10430567129024498,-0.1956,0.9991000000000001,407872,2019_02_18
2019-03-06,2019,3,65,0.8336892903541306,0.8634200365681155,0.1035343853837263,-0.1998,0.9994000000000001,171831,2019_03_06
2019-03-22,2019,3,81,0.8470473274971738,0.863197848863874,0.09415694018892129,-0.2,0.9994000000000001,1112137,2019_03_22
2019-04-07,2019,4,97,0.8199904997809181,0.8555718722098555,0.12256806448889204,-0.2,0.9995,542297,2019_04_07
2019-04-23,2019,4,113,0.8014119829127437,0.8398500292977533,0.15639886561240293,-0.2,0.9994000000000001,262777,2019_04_23
2019-05-09,2019,5,129,0.8148614911185628,0.8476708607641712,0.13227126580913978,-0.2,0.9995,457070,2019_05_09
2019-05-25,2019,5,145,0.8273935384548224,0.8556428394808496,0.11429246764150797,-0.2,0.9994000000000001,673964,2019_05_25
2019-06-10,2019,6,161,0.8207531333144482,0.8634859354281438,0.1339816028087179,-0.2,0.9995,366837,2019_06_10
2019-06-26,2019,6,177,0.8245409213581826,0.8555223956585846,0.11498411955755264,-0.2,0.9995,611050,2019_06_26
2019-07-12,2019,7,193,0.8293144303842277,0.8712664794513991,0.12101691931743115,-0.2,0.9995,422114,2019_07_12
2019-07-28,2019,7,209,0.84441970231716,0.8633718966885253,0.09034354044662725,-0.2,0.9991000000000001,1191455,2019_07_28
2019-08-13,2019,8,225,0.8442013602020046,0.8633288781501941,0.10116067320406766,-0.2,0.9991000000000001,1212840,2019_08_13
2019-08-29,2019,8,241,0.8311156263101523,0.8399148824942648,0.08642601505533416,-0.2,0.9993000000000001,1222103,2019_08_29
2019-09-14,2019,9,257,0.8326585854005384,0.8397481027004214,0.09274901471745822,-0.2,0.9992000000000001,1183377,2019_09_14
2019-09-30,2019,9,273,0.857204217151216,0.8789625174086965,0.09625796853439048,-0.1995,0.9994000000000001,707892,2019_09_30
2019-10-16,2019,10,289,0.8268855729069159,0.8475978705476337,0.11437944273429268,-0.1998,0.9995,323554,2019_10_16
2019-11-01,2019,11,305,0.8315527072110238,0.8555189266647325,0.12314390052169805,-0.2,0.9995,559803,2019_11_01
2019-11-17,2019,11,321,0.8314131437191016,0.8555113562992733,0.12382655875297895,-0.2,0.9996,593066,2019_11_17
2019-12-03,2019,12,337,0.8386179066254754,0.8633306791821448,0.11371926180248057,-0.2,0.9996,488173,2019_12_03
2019-12-19,2019,12,353,0.8219072635812591,0.8554215572859708,0.13643562000822804,-0.2,0.9995,536506,2019_12_19
2020-01-01,2020,1,1,0.8383751370936129,0.8555609144210735,0.09408820927531975,-0.2,0.9874,1221106,2020_01_01
2020-01-17,2020,1,17,0.8068610799030338,0.816395101525971,0.08997520909576798,-0.2,0.9991000000000001,1093146,2020_01_17
2020-02-02,2020,2,33,0.8184685334708636,0.8320285774355128,0.09373201653691308,-0.19970000000000002,0.9994000000000001,782862,2020_02_02
2020-02-18,2020,2,49,0.8095381212059354,0.8321728457498471,0.1135706852829619,-0.1888,0.9991000000000001,154168,2020_02_18
2020-03-05,2020,3,65,0.8149958202624699,0.8554591649914304,0.14319748868423354,-0.2,0.9996,415645,2020_03_05
2020-03-21,2020,3,81,0.8461769734939527,0.8711530209699565,0.10184919331360792,-0.19970000000000002,0.9995,597689,2020_03_21
2020-04-06,2020,4,97,0.8293751401940577,0.8555005415074695,0.10239907145848451,-0.19940000000000002,0.9994000000000001,772845,2020_04_06
2020-04-22,2020,4,113,0.8455144599274179,0.8789302449821431,0.12095590267850326,-0.2,0.9994000000000001,703046,2020_04_22
2020-05-08,2020,5,129,0.8291378305261656,0.8632657473947914,0.13588756248509115,-0.2,0.9994000000000001,675991,2020_05_08
2020-05-24,2020,5,145,0.8210229381122204,0.8477728454119601,0.10781713303360435,-0.2,0.9994000000000001,792271,2020_05_24
2020-06-09,2020,6,161,0.8388804161096886,0.8711401159828533,0.11719578356140693,-0.2,0.9993000000000001,813475,2020_06_09
2020-06-25,2020,6,177,0.8222300599905984,0.8555842408398399,0.12641308854242278,-0.2,0.9994000000000001,847890,2020_06_25
2020-07-11,2020,7,193,0.8319348209511503,0.8478451049393078,0.09664628949618005,-0.2,0.9992000000000001,1098766,2020_07_11
2020-07-27,2020,7,209,0.8434432745919329,0.8632434469751898,0.09595606799186496,-0.2,0.9991000000000001,1217031,2020_07_27
2020-08-12,2020,8,225,0.82898137856328,0.8398590565669085,0.09343568497723681,-0.2,0.9994000000000001,1213260,2020_08_12
2020-08-28,2020,8,241,0.8346889428827519,0.8476792337299625,0.09690910212179613,-0.2,0.9986,1178747,2020_08_28
2020-09-13,2020,9,257,0.8373374948318659,0.8475391607722732,0.09669220964911136,-0.2,0.9993000000000001,1080644,2020_09_13
2020-09-29,2020,9,273,0.836458564508863,0.8475365287396011,0.09613342102729897,-0.2,0.9991000000000001,1211561,2020_09_29
2020-10-15,2020,10,289,0.8446655031040288,0.8553057642304263,0.09206447010307954,-0.2,0.9993000000000001,1004891,2020_10_15
2020-10-31,2020,10,305,0.8353696463571058,0.8556707505917116,0.10270987969762267,-0.2,0.9995,752221,2020_10_31
2020-11-16,2020,11,321,0.837158649708258,0.8554137361945348,0.10760186082996707,-0.2,0.9994000000000001,885039,2020_11_16
2020-12-02,2020,12,337,0.8268669910706844,0.8632525326621328,0.13321987296357216,-0.2,0.9994000000000001,302233,2020_12_02
2020-12-18,2020,12,353,0.8128539100030119,0.8399813543041924,0.11065763502427374,-0.2,0.9994000000000001,726077,2020_12_18
2021-01-01,2021,1,1,0.8101627723561865,0.8477419291613277,0.15526166312352627,-0.1996,0.9995,234644,2021_01_01
2021-01-17,2021,1,17,0.8372193408908428,0.8476607416618491,0.10677393318518932,-0.1995,0.9991000000000001,1165247,2021_01_17
2021-02-02,2021,2,33,0.8289272487701697,0.8555168834358302,0.11405226977583276,-0.2,0.9992000000000001,809001,2021_02_02
2021-02-18,2021,2,49,0.8261669369726199,0.8554905040623637,0.0952398755332334,-0.0853,0.9995,75283,2021_02_18
2021-03-06,2021,3,65,0.8191475297157228,0.8398770637146384,0.12435009858159227,-0.1985,0.9995,158785,2021_03_06
2021-03-22,2021,3,81,0.802387716173757,0.84776563676691,0.14844649400319246,-0.2,0.9995,312385,2021_03_22
2021-04-07,2021,4,97,0.8147690763897819,0.8319921680849287,0.10612239602850988,-0.2,0.9993000000000001,736669,2021_04_07
2021-04-23,2021,4,113,0.8277303005738281,0.8633668441041269,0.12437837456856583,-0.1995,0.9995,481014,2021_04_23
2021-05-09,2021,5,129,0.8176150723295194,0.8632995641648684,0.15303714932588752,-0.2,0.9994000000000001,238599,2021_05_09
2021-05-25,2021,5,145,0.8341353222064357,0.863135398766542,0.11265410559581425,-0.2,0.9993000000000001,954457,2021_05_25
2021-06-10,2021,6,161,0.8281728153674868,0.8556652833061273,0.10719427991181082,-0.2,0.9995,898453,2021_06_10
2021-06-26,2021,6,177,0.8387220786541767,0.8554292846191176,0.09289796965363532,-0.2,0.9993000000000001,1068107,2021_06_26
2021-07-12,2021,7,193,0.8361519255744012,0.8556042787194814,0.10455704941875958,-0.19970000000000002,0.9994000000000001,973594,2021_07_12
2021-07-28,2021,7,209,0.8460766471265427,0.8630787332922024,0.10310246525553973,-0.2,0.9994000000000001,1195781,2021_07_28
2021-08-13,2021,8,225,0.8315154905755247,0.8476898487510152,0.0940871209422785,-0.2,0.9993000000000001,1178719,2021_08_13
2021-08-29,2021,8,241,0.8424895269332701,0.855395692507969,0.08573944845970229,-0.19970000000000002,0.9993000000000001,1213978,2021_08_29
2021-09-14,2021,9,257,0.8330630154524716,0.8475927789247173,0.09099056512754901,-0.2,0.9992000000000001,1121531,2021_09_14
2021-09-30,2021,9,273,0.8358402902704415,0.8473117991253273,0.09677250566624791,-0.2,0.9995,1103067,2021_09_30
2021-10-16,2021,10,289,0.8297955386990591,0.8477043399355146,0.09808681998841891,-0.1995,0.9995,566785,2021_10_16
2021-11-01,2021,11,305,0.8383457983591742,0.8633063725197694,0.1143414572801718,-0.2,0.9995,590405,2021_11_01
2021-11-17,2021,11,321,0.8476740989455819,0.8710141067118077,0.11340962816505946,-0.2,0.9993000000000001,1088970,2021_11_17
2021-12-03,2021,12,337,0.8461669938833212,0.8631367245951929,0.10862231610768036,-0.2,0.9995,858275,2021_12_03
2021-12-19,2021,12,353,0.8104498747862874,0.8163524099605237,0.09368371561504471,-0.19970000000000002,0.9995,989918,2021_12_19
2022-01-01,2022,1,1,0.8623211082545273,0.8790577002048132,0.10165013219827856,-0.2,0.9995,1225112,2022_01_01
2022-01-17,2022,1,17,0.85915928037036,0.8790055810085212,0.09274483671341203,-0.184,0.9993000000000001,622794,2022_01_17
2022-02-02,2022,2,33,0.8175094578407028,0.8398668156565867,0.10857897862289581,-0.19970000000000002,0.9994000000000001,329992,2022_02_02
2022-02-18,2022,2,49,0.8222673932807402,0.8320950805321609,0.11183770876805572,-0.2,0.9995,456515,2022_02_18
2022-03-06,2022,3,65,0.8166771524086702,0.8557007765274591,0.12798880931138185,-0.1991,0.9995,45125,2022_03_06
2022-03-22,2022,3,81,0.8157916012350269,0.8399772781010847,0.11127750818114335,-0.2,0.999,637887,2022_03_22
2022-04-07,2022,4,97,0.8016015246391145,0.8244704742907868,0.12103079154483268,-0.1993,0.9994000000000001,132418,2022_04_07
2022-04-23,2022,4,113,0.8331234807577566,0.863366825954926,0.1139278373948537,-0.2,0.9995,678785,2022_04_23
2022-05-09,2022,5,129,0.8336988441755427,0.8869148612537916,0.14883974307043357,-0.2,0.9995,412587,2022_05_09
2022-05-25,2022,5,145,0.7947300442356614,0.8165120920895103,0.10877227580840405,-0.2,0.9994000000000001,610626,2022_05_25
2022-06-10,2022,6,161,0.8318148060605561,0.8473509680778256,0.08979736265476754,-0.2,0.9991000000000001,1175622,2022_06_10
2022-06-26,2022,6,177,0.8200793546046803,0.8319478050253528,0.0881829625740504,-0.2,0.9994000000000001,1105703,2022_06_26
2022-07-12,2022,7,193,0.8154430109465263,0.8398215629458895,0.10992890610769201,-0.2,0.9993000000000001,1063335,2022_07_12
2022-07-28,2022,7,209,0.8205130975634669,0.8399409338793359,0.10873145434285432,-0.2,0.9992000000000001,918037,2022_07_28
2022-08-13,2022,8,225,0.8373337231073468,0.8478250032805924,0.09358957170797724,-0.2,0.9984000000000001,1225738,2022_08_13
2022-08-29,2022,8,241,0.8505838083724625,0.8632564238436584,0.09076004991059915,-0.2,0.997,1222588,2022_08_29
2022-09-14,2022,9,257,0.8402326169799509,0.8553795529801739,0.09156579502242983,-0.2,0.9958,1221806,2022_09_14
2022-09-30,2022,9,273,0.8486828768671753,0.8711939892497477,0.09569200255995157,-0.2,0.9968,1216860,2022_09_30
2022-10-16,2022,10,289,0.8435680306784102,0.8632338274049542,0.11198335948738852,-0.2,0.9995,912309,2022_10_16
2022-11-01,2022,11,305,0.8327399171734073,0.8397817451922444,0.09731545831046816,-0.2,0.9992000000000001,1217663,2022_11_01
2022-11-17,2022,11,321,0.8269841340860856,0.8398608633451708,0.0989235366424645,-0.2,0.9994000000000001,1164735,2022_11_17
2022-12-03,2022,12,337,0.8356730712507815,0.8633140827818787,0.11172412517758988,-0.2,0.9995,710686,2022_12_03
2022-12-19,2022,12,353,0.861943394388492,0.8710639459253393,0.09933906631825125,-0.19940000000000002,0.9993000000000001,975742,2022_12_19
2023-01-01,2023,1,1,0.8279236730201464,0.8475848090431016,0.10876577788169575,-0.19940000000000002,0.9995,586821,2023_01_01
2023-01-17,2023,1,17,0.8364674121146017,0.8475645904755538,0.0982220586195813,-0.2,0.9995,1183959,2023_01_17
2023-02-02,2023,2,33,0.8247791359164286,0.8398787663242367,0.08707143102026278,-0.1988,0.9995,597847,2023_02_02
2023-02-18,2023,2,49,0.8171084605244535,0.824263875977778,0.10599989873589805,-0.1986,0.9992000000000001,382290,2023_02_18
2023-03-06,2023,3,65,0.8404007982709427,0.8475385487185787,0.09658689648357932,-0.1968,0.9993000000000001,953526,2023_03_06
2023-03-22,2023,3,81,0.8446306076046565,0.8634879637777665,0.095046400784604,-0.1978,0.9993000000000001,945051,2023_03_22
2023-04-07,2023,4,97,0.8115880918440979,0.8318753650492448,0.12546137859178788,-0.2,0.9993000000000001,477174,2023_04_07
2023-04-23,2023,4,113,0.8010484523639475,0.832216887697452,0.11656785612330363,-0.2,0.9995,266257,2023_04_23
2023-05-09,2023,5,129,0.8238201723240312,0.8711101055446417,0.15235539164013023,-0.2,0.9993000000000001,396548,2023_05_09
2023-05-25,2023,5,145,0.8395905232210115,0.8712004502016635,0.11763426634397593,-0.2,0.9994000000000001,662567,2023_05_25
2023-06-10,2023,6,161,0.8213584190157607,0.8476995915992769,0.11252872916399893,-0.2,0.9993000000000001,867895,2023_06_10
2023-06-26,2023,6,177,0.8396487886484119,0.8632221002112088,0.10576090571253395,-0.2,0.9994000000000001,1120855,2023_06_26
2023-07-12,2023,7,193,0.8306675879122389,0.8476526390213233,0.0936404127460793,-0.2,0.9989,1200019,2023_07_12
2023-07-28,2023,7,209,0.8480561193104502,0.8710945004106385,0.0951600733352571,-0.2,0.9992000000000001,1194129,2023_07_28
2023-08-13,2023,8,225,0.8408148134634554,0.8476505383058153,0.08433193021097816,-0.2,0.9878,1223224,2023_08_13
2023-08-29,2023,8,241,0.8519918609977184,0.8632999338409953,0.09093273504196688,-0.2,0.9965,1225137,2023_08_29
2023-09-14,2023,9,257,0.8533399009244214,0.8711246428223176,0.08712899664099201,-0.2,0.998,1222537,2023_09_14
2023-09-30,2023,9,273,0.8496298065801017,0.8632818060183126,0.0904708085202191,-0.2,0.9992000000000001,1211921,2023_09_30
2023-10-16,2023,10,289,0.8399042859773121,0.8474682002772295,0.09299304856520492,-0.2,0.9992000000000001,1021291,2023_10_16
2023-11-01,2023,11,305,0.8602431635150024,0.8789594991208811,0.10006657736676253,-0.2,0.9994000000000001,990906,2023_11_01
2023-11-17,2023,11,321,0.8435581041094504,0.8554237300212766,0.09276356302853475,-0.2,0.9992000000000001,1185475,2023_11_17
2023-12-03,2023,12,337,0.8547199620037126,0.8790827303629704,0.10178778297246095,-0.1998,0.9993000000000001,523729,2023_12_03
2023-12-19,2023,12,353,0.8389612314748974,0.8633527246373581,0.11358458259721933,-0.2,0.9994000000000001,838554,2023_12_19
